Homework,24 M02 2019 12:17,24 M02 2019 13:22,65
Homework,24 M02 2019 11:37,24 M02 2019 12:17,40
Homework,24 M02 2019 10:07,24 M02 2019 11:37,90
Other,24 M02 2019 09:37,24 M02 2019 10:07,30
Self-Care,24 M02 2019 09:29,24 M02 2019 09:37,8
Reddit,24 M02 2019 08:55,24 M02 2019 09:29,34
Sleep,24 M02 2019 04:25,24 M02 2019 08:55,270
Homework,24 M02 2019 02:57,24 M02 2019 04:25,88
Other,24 M02 2019 02:18,24 M02 2019 02:57,39
Internet,24 M02 2019 01:51,24 M02 2019 02:18,27
Homework,24 M02 2019 01:19,24 M02 2019 01:51,32
Homework,24 M02 2019 00:43,24 M02 2019 01:19,36
Homework,23 M02 2019 23:26,24 M02 2019 00:43,77
Reddit,23 M02 2019 22:48,23 M02 2019 23:26,38
Homework,23 M02 2019 17:32,23 M02 2019 22:48,316
Reddit,23 M02 2019 17:02,23 M02 2019 17:32,30
Social,23 M02 2019 16:18,23 M02 2019 17:02,44
Reddit,23 M02 2019 15:35,23 M02 2019 16:18,43
Sleep,23 M02 2019 12:31,23 M02 2019 15:35,184
Reddit,23 M02 2019 11:02,23 M02 2019 12:31,89
Sleep,23 M02 2019 00:06,23 M02 2019 11:02,656
Netflix,22 M02 2019 21:43,23 M02 2019 00:06,143
Reddit,22 M02 2019 21:11,22 M02 2019 21:43,32
Food,22 M02 2019 20:51,22 M02 2019 21:11,20
Reddit,22 M02 2019 20:20,22 M02 2019 20:51,31
Homework,22 M02 2019 18:56,22 M02 2019 20:20,84
Other,22 M02 2019 14:06,22 M02 2019 18:56,290
Transport,22 M02 2019 13:52,22 M02 2019 14:06,14
Reddit,22 M02 2019 13:34,22 M02 2019 13:52,18
Social,22 M02 2019 12:05,22 M02 2019 13:34,89
Study,22 M02 2019 12:03,22 M02 2019 12:05,2
Class,22 M02 2019 10:13,22 M02 2019 12:03,110
Reddit,22 M02 2019 09:59,22 M02 2019 10:13,14
Transport,22 M02 2019 09:49,22 M02 2019 09:59,10
Class,22 M02 2019 09:00,22 M02 2019 09:49,49
Class,22 M02 2019 08:20,22 M02 2019 09:00,40
Transport,22 M02 2019 08:06,22 M02 2019 08:20,14
Food,22 M02 2019 07:51,22 M02 2019 08:06,15
Other,22 M02 2019 07:13,22 M02 2019 07:51,38
Sleep,21 M02 2019 23:42,22 M02 2019 07:13,451
Sleep,21 M02 2019 20:58,21 M02 2019 23:42,164
Social,21 M02 2019 20:07,21 M02 2019 20:58,51
Food,21 M02 2019 19:56,21 M02 2019 20:07,11
Transport,21 M02 2019 19:45,21 M02 2019 19:56,11
Class,21 M02 2019 17:50,21 M02 2019 19:45,115
Self-Care,21 M02 2019 17:31,21 M02 2019 17:50,19
Waste Time,21 M02 2019 17:11,21 M02 2019 17:31,20
Waste Time,21 M02 2019 16:43,21 M02 2019 17:11,28
Class,21 M02 2019 14:50,21 M02 2019 16:43,113
Sleep,21 M02 2019 14:29,21 M02 2019 14:50,21
Sleep,21 M02 2019 13:45,21 M02 2019 14:29,44
Food,21 M02 2019 13:25,21 M02 2019 13:45,20
Reddit,21 M02 2019 13:01,21 M02 2019 13:25,24
Other,21 M02 2019 12:42,21 M02 2019 13:01,19
Waste Time,21 M02 2019 12:34,21 M02 2019 12:42,8
Work,21 M02 2019 12:21,21 M02 2019 12:34,13
Music,21 M02 2019 12:02,21 M02 2019 12:21,19
Work,21 M02 2019 11:42,21 M02 2019 12:02,20
Work,21 M02 2019 11:13,21 M02 2019 11:42,29
Work,21 M02 2019 10:00,21 M02 2019 11:13,73
Work,21 M02 2019 09:13,21 M02 2019 10:00,47
Work,21 M02 2019 09:00,21 M02 2019 09:13,13
Waste Time,21 M02 2019 08:30,21 M02 2019 09:00,30
Sleep,21 M02 2019 08:01,21 M02 2019 08:30,29
Sleep,21 M02 2019 02:36,21 M02 2019 08:01,325
Other,20 M02 2019 23:06,21 M02 2019 02:36,210
Social,20 M02 2019 22:24,20 M02 2019 23:05,41
Social,20 M02 2019 22:01,20 M02 2019 22:24,23
Social,20 M02 2019 21:39,20 M02 2019 22:01,22
Social,20 M02 2019 21:23,20 M02 2019 21:39,16
Other,20 M02 2019 19:12,20 M02 2019 21:23,131
Food,20 M02 2019 18:43,20 M02 2019 19:12,29
Sleep,20 M02 2019 18:26,20 M02 2019 18:43,17
Sleep,20 M02 2019 14:22,20 M02 2019 18:26,244
Other,20 M02 2019 09:55,20 M02 2019 14:22,267
Food,20 M02 2019 09:38,20 M02 2019 09:55,17
Transport,20 M02 2019 09:28,20 M02 2019 09:38,10
Waste Time,20 M02 2019 09:00,20 M02 2019 09:28,28
Waste Time,20 M02 2019 07:36,20 M02 2019 09:00,84
Sleep,19 M02 2019 23:54,20 M02 2019 07:36,462
Waste Time,19 M02 2019 23:29,19 M02 2019 23:54,25
Self-Care,19 M02 2019 21:37,19 M02 2019 23:29,112
Other,19 M02 2019 20:22,19 M02 2019 21:36,74
Self-Care,19 M02 2019 19:58,19 M02 2019 20:22,24
Food,19 M02 2019 19:23,19 M02 2019 19:58,35
Waste Time,19 M02 2019 18:09,19 M02 2019 19:23,74
Sleep,19 M02 2019 10:33,19 M02 2019 18:09,456
Waste Time,19 M02 2019 10:06,19 M02 2019 10:33,27
Study,19 M02 2019 09:42,19 M02 2019 10:06,24
Food,19 M02 2019 09:23,19 M02 2019 09:42,19
Food,19 M02 2019 09:08,19 M02 2019 09:23,15
Other,19 M02 2019 08:17,19 M02 2019 09:08,51
Other,19 M02 2019 00:33,19 M02 2019 08:16,463
Sleep,18 M02 2019 23:41,19 M02 2019 00:33,52
Reddit,18 M02 2019 21:19,18 M02 2019 23:41,142
Reddit,18 M02 2019 20:37,18 M02 2019 21:19,42
Other,18 M02 2019 19:19,18 M02 2019 20:37,78
Food,18 M02 2019 19:00,18 M02 2019 19:19,19
Transport,18 M02 2019 18:40,18 M02 2019 19:00,20
Class,18 M02 2019 16:23,18 M02 2019 18:40,137
Class,18 M02 2019 14:53,18 M02 2019 16:23,90
Work,18 M02 2019 13:18,18 M02 2019 14:53,95
Other,18 M02 2019 11:55,18 M02 2019 13:18,83
Work,18 M02 2019 11:20,18 M02 2019 11:55,35
Class,18 M02 2019 11:03,18 M02 2019 11:20,17
Class,18 M02 2019 10:38,18 M02 2019 11:03,25
Class,18 M02 2019 09:58,18 M02 2019 10:38,40
Food,18 M02 2019 09:53,18 M02 2019 09:58,5
Transport,18 M02 2019 09:50,18 M02 2019 09:53,3
Reddit,18 M02 2019 09:42,18 M02 2019 09:50,8
Waste Time,18 M02 2019 09:11,18 M02 2019 09:42,31
Sleep,18 M02 2019 01:23,18 M02 2019 09:11,468
Netflix,17 M02 2019 22:17,18 M02 2019 01:23,186
Reddit,17 M02 2019 21:59,17 M02 2019 22:17,18
Work,17 M02 2019 18:15,17 M02 2019 21:59,224
Netflix,17 M02 2019 16:44,17 M02 2019 18:15,91
Reddit,17 M02 2019 16:18,17 M02 2019 16:44,26
Waste Time,17 M02 2019 15:10,17 M02 2019 16:18,68
Transport,17 M02 2019 13:55,17 M02 2019 15:10,75
Sleep,17 M02 2019 11:48,17 M02 2019 13:55,127
Sleep,17 M02 2019 00:59,17 M02 2019 11:48,649
Netflix,16 M02 2019 22:18,17 M02 2019 00:59,161
Transport,16 M02 2019 21:53,16 M02 2019 22:18,25
Food,16 M02 2019 20:58,16 M02 2019 21:53,55
Food,16 M02 2019 20:35,16 M02 2019 20:58,23
Self-Care,16 M02 2019 17:51,16 M02 2019 20:35,164
Food,16 M02 2019 17:32,16 M02 2019 17:51,19
Work,16 M02 2019 16:09,16 M02 2019 17:32,83
Work,16 M02 2019 15:42,16 M02 2019 16:09,27
Work,16 M02 2019 14:53,16 M02 2019 15:42,49
Work,16 M02 2019 14:27,16 M02 2019 14:53,26
Work,16 M02 2019 13:55,16 M02 2019 14:27,32
Work,16 M02 2019 13:39,16 M02 2019 13:55,16
Work,16 M02 2019 13:15,16 M02 2019 13:39,24
Work,16 M02 2019 12:41,16 M02 2019 13:15,34
Waste Time,16 M02 2019 12:25,16 M02 2019 12:41,16
Sleep,16 M02 2019 09:36,16 M02 2019 12:25,169
Sleep,16 M02 2019 04:31,16 M02 2019 09:36,305
Music,16 M02 2019 04:04,16 M02 2019 04:31,27
Netflix,15 M02 2019 23:32,16 M02 2019 04:04,272
Other,15 M02 2019 21:43,15 M02 2019 23:32,109
Other,15 M02 2019 20:47,15 M02 2019 21:43,56
Waste Time,15 M02 2019 20:19,15 M02 2019 20:47,28
Waste Time,15 M02 2019 19:55,15 M02 2019 20:19,24
Waste Time,15 M02 2019 19:40,15 M02 2019 19:55,15
Waste Time,15 M02 2019 18:55,15 M02 2019 19:40,45
Food,15 M02 2019 18:36,15 M02 2019 18:55,19
Waste Time,15 M02 2019 18:20,15 M02 2019 18:36,16
Other,15 M02 2019 16:25,15 M02 2019 18:20,115
Work,15 M02 2019 13:42,15 M02 2019 16:25,163
Homework,15 M02 2019 12:36,15 M02 2019 13:42,66
Class,15 M02 2019 11:33,15 M02 2019 12:36,63
Food,15 M02 2019 11:15,15 M02 2019 11:33,18
Class,15 M02 2019 10:17,15 M02 2019 11:15,58
Reddit,15 M02 2019 09:56,15 M02 2019 10:17,21
Class,15 M02 2019 08:20,15 M02 2019 09:56,96
Transport,15 M02 2019 07:59,15 M02 2019 08:20,21
Food,15 M02 2019 07:42,15 M02 2019 07:59,17
Transport,15 M02 2019 07:37,15 M02 2019 07:42,5
Other,15 M02 2019 07:15,15 M02 2019 07:37,22
Sleep,15 M02 2019 02:45,15 M02 2019 07:15,270
Netflix,14 M02 2019 23:32,15 M02 2019 02:45,193
Waste Time,14 M02 2019 22:34,14 M02 2019 23:32,58
Other,14 M02 2019 21:32,14 M02 2019 22:34,62
Other,14 M02 2019 20:33,14 M02 2019 21:32,59
Transport,14 M02 2019 20:14,14 M02 2019 20:33,19
Reddit,14 M02 2019 19:05,14 M02 2019 20:14,69
Class,14 M02 2019 17:47,14 M02 2019 19:05,78
Other,14 M02 2019 17:01,14 M02 2019 17:47,46
Work,14 M02 2019 16:34,14 M02 2019 17:01,27
Class,14 M02 2019 14:37,14 M02 2019 16:34,117
Work,14 M02 2019 14:15,14 M02 2019 14:37,22
Work,14 M02 2019 13:48,14 M02 2019 14:15,27
Work,14 M02 2019 12:00,14 M02 2019 13:48,108
Work,14 M02 2019 11:00,14 M02 2019 12:00,60
Work,14 M02 2019 10:36,14 M02 2019 11:00,24
Work,14 M02 2019 10:00,14 M02 2019 10:36,36
Work,14 M02 2019 09:33,14 M02 2019 10:00,27
Work,14 M02 2019 09:00,14 M02 2019 09:33,33
Food,14 M02 2019 08:43,14 M02 2019 09:00,17
Sleep,13 M02 2019 22:21,14 M02 2019 08:43,622
Social,13 M02 2019 21:46,13 M02 2019 22:20,34
Social,13 M02 2019 21:19,13 M02 2019 21:46,27
Social,13 M02 2019 20:51,13 M02 2019 21:19,28
Music,13 M02 2019 19:22,13 M02 2019 20:51,89
Other,13 M02 2019 13:31,13 M02 2019 19:22,351
Reddit,13 M02 2019 12:30,13 M02 2019 13:31,61
Transport,13 M02 2019 12:14,13 M02 2019 12:30,16
Food,13 M02 2019 12:07,13 M02 2019 12:14,7
Food,13 M02 2019 11:46,13 M02 2019 12:07,21
Reddit,13 M02 2019 11:33,13 M02 2019 11:46,13
Class,13 M02 2019 11:06,13 M02 2019 11:33,27
Class,13 M02 2019 10:22,13 M02 2019 11:06,44
Transport,13 M02 2019 10:04,13 M02 2019 10:22,18
Reddit,13 M02 2019 09:47,13 M02 2019 10:04,17
Class,13 M02 2019 08:15,13 M02 2019 09:47,92
Transport,13 M02 2019 07:54,13 M02 2019 08:15,21
Food,13 M02 2019 07:38,13 M02 2019 07:54,16
Reddit,13 M02 2019 07:01,13 M02 2019 07:38,37
Sleep,13 M02 2019 00:23,13 M02 2019 07:01,398
Other,12 M02 2019 22:53,13 M02 2019 00:23,90
Homework,12 M02 2019 21:54,12 M02 2019 22:53,59
Homework,12 M02 2019 19:34,12 M02 2019 21:54,140
Reddit,12 M02 2019 19:05,12 M02 2019 19:34,29
Food,12 M02 2019 18:29,12 M02 2019 19:04,35
Homework,12 M02 2019 18:05,12 M02 2019 18:29,24
Work,12 M02 2019 17:24,12 M02 2019 18:05,41
Work,12 M02 2019 16:37,12 M02 2019 17:24,47
Work,12 M02 2019 15:24,12 M02 2019 16:37,73
Work,12 M02 2019 15:00,12 M02 2019 15:24,24
Homework,12 M02 2019 14:09,12 M02 2019 15:00,51
Other,12 M02 2019 13:53,12 M02 2019 14:09,16
Transport,12 M02 2019 13:38,12 M02 2019 13:53,15
Transport,12 M02 2019 12:39,12 M02 2019 13:38,59
Food,12 M02 2019 12:30,12 M02 2019 12:39,9
Transport,12 M02 2019 12:15,12 M02 2019 12:30,15
Work,12 M02 2019 11:33,12 M02 2019 12:15,42
Reddit,12 M02 2019 11:14,12 M02 2019 11:33,19
Reddit,12 M02 2019 10:50,12 M02 2019 11:14,24
Reddit,12 M02 2019 10:33,12 M02 2019 10:50,17
Work,12 M02 2019 09:54,12 M02 2019 10:33,39
Work,12 M02 2019 09:21,12 M02 2019 09:54,33
Sleep,12 M02 2019 01:48,12 M02 2019 09:21,453
Reddit,11 M02 2019 22:48,12 M02 2019 01:47,179
Social,11 M02 2019 20:39,11 M02 2019 22:48,129
Transport,11 M02 2019 20:23,11 M02 2019 20:39,16
Reddit,11 M02 2019 19:55,11 M02 2019 20:23,28
Class,11 M02 2019 19:39,11 M02 2019 19:55,16
Class,11 M02 2019 16:18,11 M02 2019 19:39,201
Other,11 M02 2019 15:08,11 M02 2019 16:18,70
Food,11 M02 2019 14:45,11 M02 2019 15:08,23
Social,11 M02 2019 14:35,11 M02 2019 14:45,10
Class,11 M02 2019 13:13,11 M02 2019 14:35,82
Waste Time,11 M02 2019 12:03,11 M02 2019 13:13,70
Reddit,11 M02 2019 11:16,11 M02 2019 12:03,47
Class,11 M02 2019 09:33,11 M02 2019 11:16,103
Sleep,11 M02 2019 01:30,11 M02 2019 09:33,483
Other,11 M02 2019 00:49,11 M02 2019 01:30,41
Other,10 M02 2019 22:46,11 M02 2019 00:49,123
Work,10 M02 2019 21:51,10 M02 2019 22:46,55
Work,10 M02 2019 18:16,10 M02 2019 21:51,215
Waste Time,10 M02 2019 17:02,10 M02 2019 18:16,74
Waste Time,10 M02 2019 14:34,10 M02 2019 17:02,148
Netflix,10 M02 2019 13:30,10 M02 2019 14:34,64
Homework,10 M02 2019 13:13,10 M02 2019 13:30,17
Other,10 M02 2019 12:55,10 M02 2019 13:13,18
Social,10 M02 2019 12:22,10 M02 2019 12:55,33
Food,10 M02 2019 12:04,10 M02 2019 12:22,18
Other,10 M02 2019 07:59,10 M02 2019 12:04,245
Other,10 M02 2019 07:03,10 M02 2019 07:59,56
Homework,10 M02 2019 06:42,10 M02 2019 07:03,21
Homework,10 M02 2019 01:10,10 M02 2019 06:42,332
Other,09 M02 2019 21:04,10 M02 2019 01:10,246
Other,09 M02 2019 20:25,09 M02 2019 21:04,39
Reddit,09 M02 2019 19:33,09 M02 2019 20:25,52
Homework,09 M02 2019 15:57,09 M02 2019 19:33,216
Waste Time,09 M02 2019 15:38,09 M02 2019 15:57,19
Reddit,09 M02 2019 14:46,09 M02 2019 15:38,52
Waste Time,09 M02 2019 14:19,09 M02 2019 14:46,27
Food,09 M02 2019 14:02,09 M02 2019 14:19,17
Food,09 M02 2019 13:42,09 M02 2019 14:02,20
Waste Time,09 M02 2019 11:42,09 M02 2019 13:42,120
Sleep,09 M02 2019 00:30,09 M02 2019 11:42,672
Social,08 M02 2019 22:04,09 M02 2019 00:30,146
Reddit,08 M02 2019 21:24,08 M02 2019 22:04,40
Transport,08 M02 2019 21:12,08 M02 2019 21:24,12
Food,08 M02 2019 20:50,08 M02 2019 21:12,22
Social,08 M02 2019 20:21,08 M02 2019 20:50,29
Social,08 M02 2019 20:05,08 M02 2019 20:21,16
Homework,08 M02 2019 17:52,08 M02 2019 20:05,133
Waste Time,08 M02 2019 15:42,08 M02 2019 17:52,130
Transport,08 M02 2019 15:18,08 M02 2019 15:42,24
Reddit,08 M02 2019 14:57,08 M02 2019 15:18,21
Food,08 M02 2019 14:20,08 M02 2019 14:57,37
Reddit,08 M02 2019 12:40,08 M02 2019 14:20,100
Waste Time,08 M02 2019 11:50,08 M02 2019 12:40,50
Reddit,08 M02 2019 11:13,08 M02 2019 11:50,37
Class,08 M02 2019 10:14,08 M02 2019 11:13,59
Transport,08 M02 2019 09:44,08 M02 2019 10:14,30
Food,08 M02 2019 09:35,08 M02 2019 09:44,9
Waste Time,08 M02 2019 09:01,08 M02 2019 09:35,34
Sleep,08 M02 2019 00:36,08 M02 2019 09:01,505
Reddit,07 M02 2019 22:46,08 M02 2019 00:36,110
Work,07 M02 2019 20:03,07 M02 2019 22:46,163
Food,07 M02 2019 19:54,07 M02 2019 20:03,9
Transport,07 M02 2019 19:43,07 M02 2019 19:54,11
Class,07 M02 2019 18:06,07 M02 2019 19:43,97
Reddit,07 M02 2019 16:44,07 M02 2019 18:06,82
Other,07 M02 2019 14:38,07 M02 2019 16:44,126
Class,07 M02 2019 13:06,07 M02 2019 14:38,92
Food,07 M02 2019 12:57,07 M02 2019 13:06,9
Other,07 M02 2019 12:40,07 M02 2019 12:57,17
Reddit,07 M02 2019 12:21,07 M02 2019 12:40,19
Self-Care,07 M02 2019 10:20,07 M02 2019 12:21,121
Reddit,07 M02 2019 09:45,07 M02 2019 10:20,35
Sleep,07 M02 2019 01:53,07 M02 2019 09:45,472
Music,07 M02 2019 00:57,07 M02 2019 01:52,55
Social,07 M02 2019 00:33,07 M02 2019 00:57,24
Social,06 M02 2019 22:15,07 M02 2019 00:33,138
Food,06 M02 2019 21:54,06 M02 2019 22:15,21
Music,06 M02 2019 20:35,06 M02 2019 21:54,79
Music,06 M02 2019 19:14,06 M02 2019 20:35,81
Social,06 M02 2019 18:53,06 M02 2019 19:14,21
Food,06 M02 2019 18:24,06 M02 2019 18:53,29
Social,06 M02 2019 17:41,06 M02 2019 18:24,43
Homework,06 M02 2019 16:18,06 M02 2019 17:41,83
Class,06 M02 2019 13:22,06 M02 2019 16:18,176
Waste Time,06 M02 2019 12:19,06 M02 2019 13:22,63
Homework,06 M02 2019 11:57,06 M02 2019 12:19,22
Reddit,06 M02 2019 11:28,06 M02 2019 11:57,29
Other,06 M02 2019 11:12,06 M02 2019 11:28,16
Class,06 M02 2019 10:18,06 M02 2019 11:12,54
Transport,06 M02 2019 09:52,06 M02 2019 10:18,26
Class,06 M02 2019 08:17,06 M02 2019 09:52,95
Transport,06 M02 2019 07:53,06 M02 2019 08:17,24
Reddit,06 M02 2019 07:35,06 M02 2019 07:53,18
Self-Care,06 M02 2019 07:07,06 M02 2019 07:35,28
Sleep,06 M02 2019 00:03,06 M02 2019 07:07,424
Other,05 M02 2019 22:38,06 M02 2019 00:03,85
Social,05 M02 2019 21:58,05 M02 2019 22:38,40
Other,05 M02 2019 21:20,05 M02 2019 21:58,38
Transport,05 M02 2019 21:02,05 M02 2019 21:20,18
Reading,05 M02 2019 19:50,05 M02 2019 21:02,72
Music,05 M02 2019 17:51,05 M02 2019 19:50,119
Transport,05 M02 2019 17:31,05 M02 2019 17:51,20
Transport,05 M02 2019 17:15,05 M02 2019 17:31,16
Other,05 M02 2019 16:02,05 M02 2019 17:15,73
Other,05 M02 2019 15:20,05 M02 2019 16:02,42
Other,05 M02 2019 14:41,05 M02 2019 15:20,39
Other,05 M02 2019 12:52,05 M02 2019 14:41,109
Work,05 M02 2019 12:19,05 M02 2019 12:52,33
Homework,05 M02 2019 11:22,05 M02 2019 12:19,57
Work,05 M02 2019 10:22,05 M02 2019 11:22,60
Work,05 M02 2019 09:58,05 M02 2019 10:22,24
Work,05 M02 2019 08:56,05 M02 2019 09:58,62
Food,05 M02 2019 08:40,05 M02 2019 08:56,16
Reddit,05 M02 2019 08:21,05 M02 2019 08:40,19
Sleep,05 M02 2019 03:23,05 M02 2019 08:21,298
Waste Time,05 M02 2019 02:56,05 M02 2019 03:23,27
Netflix,05 M02 2019 01:38,05 M02 2019 02:56,78
Netflix,04 M02 2019 20:57,05 M02 2019 01:38,281
Transport,04 M02 2019 20:52,04 M02 2019 20:56,4
Food,04 M02 2019 20:34,04 M02 2019 20:52,18
Transport,04 M02 2019 20:11,04 M02 2019 20:34,23
Class,04 M02 2019 17:58,04 M02 2019 20:11,133
Transport,04 M02 2019 17:41,04 M02 2019 17:58,17
Class,04 M02 2019 16:36,04 M02 2019 17:41,65
Food,04 M02 2019 16:20,04 M02 2019 16:36,16
Other,04 M02 2019 15:39,04 M02 2019 16:20,41
Homework,04 M02 2019 15:04,04 M02 2019 15:39,35
Class,04 M02 2019 14:19,04 M02 2019 15:04,45
Other,04 M02 2019 13:18,04 M02 2019 14:19,61
Social,04 M02 2019 12:26,04 M02 2019 13:18,52
Food,04 M02 2019 12:11,04 M02 2019 12:26,15
Other,04 M02 2019 11:42,04 M02 2019 12:11,29
Transport,04 M02 2019 11:24,04 M02 2019 11:42,18
Class,04 M02 2019 10:16,04 M02 2019 11:24,68
Transport,04 M02 2019 09:57,04 M02 2019 10:16,19
Reddit,04 M02 2019 09:34,04 M02 2019 09:57,23
Sleep,04 M02 2019 08:15,04 M02 2019 09:34,79
Sleep,04 M02 2019 02:13,04 M02 2019 08:15,362
Transport,04 M02 2019 02:08,04 M02 2019 02:13,5
Reddit,04 M02 2019 01:36,04 M02 2019 02:08,32
Food,04 M02 2019 01:17,04 M02 2019 01:36,19
Transport,04 M02 2019 00:59,04 M02 2019 01:17,18
Transport,04 M02 2019 00:45,04 M02 2019 00:59,14
Netflix,03 M02 2019 23:25,04 M02 2019 00:45,80
Netflix,03 M02 2019 21:50,03 M02 2019 23:25,95
Netflix,03 M02 2019 21:12,03 M02 2019 21:50,38
Study,03 M02 2019 20:26,03 M02 2019 21:12,46
Sleep,03 M02 2019 16:25,03 M02 2019 20:26,241
Work,03 M02 2019 16:04,03 M02 2019 16:25,21
Music,03 M02 2019 15:01,03 M02 2019 16:04,63
Transport,03 M02 2019 14:42,03 M02 2019 15:01,19
Music,03 M02 2019 13:12,03 M02 2019 14:42,90
Transport,03 M02 2019 12:47,03 M02 2019 13:12,25
Food,03 M02 2019 12:38,03 M02 2019 12:47,9
Food,03 M02 2019 11:59,03 M02 2019 12:38,39
Reddit,03 M02 2019 11:41,03 M02 2019 11:59,18
Reddit,03 M02 2019 10:38,03 M02 2019 11:41,63
Sleep,03 M02 2019 07:57,03 M02 2019 10:38,161
Sleep,03 M02 2019 01:17,03 M02 2019 07:57,400
Netflix,03 M02 2019 00:54,03 M02 2019 01:16,22
Reddit,02 M02 2019 23:57,03 M02 2019 00:54,57
Food,02 M02 2019 23:40,02 M02 2019 23:57,17
Waste Time,02 M02 2019 22:54,02 M02 2019 23:40,46
Sleep,02 M02 2019 19:37,02 M02 2019 22:54,197
Reddit,02 M02 2019 17:51,02 M02 2019 19:37,106
Reddit,02 M02 2019 16:10,02 M02 2019 17:51,101
Other,02 M02 2019 15:21,02 M02 2019 16:10,49
Reddit,02 M02 2019 14:45,02 M02 2019 15:21,36
Transport,02 M02 2019 14:25,02 M02 2019 14:45,20
Music,02 M02 2019 13:21,02 M02 2019 14:25,64
Music,02 M02 2019 12:53,02 M02 2019 13:21,28
Music,02 M02 2019 11:10,02 M02 2019 12:53,103
Transport,02 M02 2019 10:57,02 M02 2019 11:10,13
Music,02 M02 2019 10:23,02 M02 2019 10:57,34
Transport,02 M02 2019 10:15,02 M02 2019 10:23,8
Food,02 M02 2019 10:01,02 M02 2019 10:15,14
Reddit,02 M02 2019 09:19,02 M02 2019 10:01,42
Sleep,02 M02 2019 02:21,02 M02 2019 09:19,418
Netflix,02 M02 2019 00:21,02 M02 2019 02:21,120
Netflix,01 M02 2019 22:55,02 M02 2019 00:21,86
Other,01 M02 2019 22:30,01 M02 2019 22:55,25
Transport,01 M02 2019 21:56,01 M02 2019 22:30,34
Food,01 M02 2019 21:22,01 M02 2019 21:56,34
Social,01 M02 2019 20:34,01 M02 2019 21:22,48
Social,01 M02 2019 19:03,01 M02 2019 20:34,91
Work,01 M02 2019 18:33,01 M02 2019 19:03,30
Work,01 M02 2019 17:56,01 M02 2019 18:33,37
Work,01 M02 2019 16:55,01 M02 2019 17:56,61
Waste Time,01 M02 2019 15:49,01 M02 2019 16:55,66
Reddit,01 M02 2019 13:53,01 M02 2019 15:49,116
Reddit,01 M02 2019 13:09,01 M02 2019 13:53,44
Waste Time,01 M02 2019 12:40,01 M02 2019 13:09,29
Gaming,01 M02 2019 12:13,01 M02 2019 12:40,27
Food,01 M02 2019 11:57,01 M02 2019 12:13,16
Food,01 M02 2019 11:36,01 M02 2019 11:57,21
Class,01 M02 2019 10:05,01 M02 2019 11:36,91
Waste Time,01 M02 2019 08:58,01 M02 2019 10:05,67
Sleep,01 M02 2019 08:35,01 M02 2019 08:58,23
Sleep,01 M02 2019 01:02,01 M02 2019 08:35,453
Other,31 M01 2019 20:34,01 M02 2019 01:02,268
Food,31 M01 2019 20:18,31 M01 2019 20:34,16
Food,31 M01 2019 20:14,31 M01 2019 20:18,4
Transport,31 M01 2019 19:59,31 M01 2019 20:14,15
Transport,31 M01 2019 19:40,31 M01 2019 19:59,19
Class,31 M01 2019 18:04,31 M01 2019 19:40,96
Transport,31 M01 2019 17:47,31 M01 2019 18:04,17
Gaming,31 M01 2019 17:20,31 M01 2019 17:47,27
Homework,31 M01 2019 16:22,31 M01 2019 17:20,58
Class,31 M01 2019 14:48,31 M01 2019 16:22,94
Transport,31 M01 2019 14:40,31 M01 2019 14:48,8
Gaming,31 M01 2019 14:31,31 M01 2019 14:40,9
Gaming,31 M01 2019 12:12,31 M01 2019 14:31,139
Other,31 M01 2019 11:31,31 M01 2019 12:12,41
Reddit,31 M01 2019 11:06,31 M01 2019 11:31,25
Work,31 M01 2019 09:19,31 M01 2019 11:06,107
Work,31 M01 2019 08:56,31 M01 2019 09:19,23
Food,31 M01 2019 08:38,31 M01 2019 08:56,18
Transport,31 M01 2019 08:27,31 M01 2019 08:38,11
Sleep,31 M01 2019 08:12,31 M01 2019 08:27,15
Sleep,31 M01 2019 01:52,31 M01 2019 08:12,380
Netflix,30 M01 2019 21:30,31 M01 2019 01:51,261
Music,30 M01 2019 20:49,30 M01 2019 21:30,41
Music,30 M01 2019 19:06,30 M01 2019 20:49,103
Work,30 M01 2019 16:53,30 M01 2019 19:06,133
Transport,30 M01 2019 16:31,30 M01 2019 16:53,22
Class,30 M01 2019 15:05,30 M01 2019 16:31,86
Class,30 M01 2019 15:04,30 M01 2019 15:05,1
Other,30 M01 2019 14:39,30 M01 2019 15:04,25
Study,30 M01 2019 12:00,30 M01 2019 14:39,159
Study,30 M01 2019 10:12,30 M01 2019 12:00,108
Reddit,30 M01 2019 09:50,30 M01 2019 10:12,22
Class,30 M01 2019 08:26,30 M01 2019 09:50,84
Transport,30 M01 2019 08:03,30 M01 2019 08:26,23
Food,30 M01 2019 07:50,30 M01 2019 08:03,13
Transport,30 M01 2019 07:46,30 M01 2019 07:50,4
Sleep,30 M01 2019 07:15,30 M01 2019 07:46,31
Sleep,30 M01 2019 02:03,30 M01 2019 07:15,312
Reddit,30 M01 2019 00:33,30 M01 2019 02:03,90
Transport,30 M01 2019 00:11,30 M01 2019 00:33,22
Transport,29 M01 2019 23:55,30 M01 2019 00:11,16
Netflix,29 M01 2019 17:11,29 M01 2019 23:55,404
Waste Time,29 M01 2019 15:39,29 M01 2019 17:10,91
Reddit,29 M01 2019 15:17,29 M01 2019 15:39,22
Work,29 M01 2019 14:46,29 M01 2019 15:17,31
Work,29 M01 2019 13:36,29 M01 2019 14:46,70
Work,29 M01 2019 13:12,29 M01 2019 13:36,24
Work,29 M01 2019 12:55,29 M01 2019 13:12,17
Work,29 M01 2019 12:31,29 M01 2019 12:55,24
Work,29 M01 2019 12:29,29 M01 2019 12:31,2
Work,29 M01 2019 11:53,29 M01 2019 12:29,36
Work,29 M01 2019 11:19,29 M01 2019 11:53,34
Work,29 M01 2019 10:49,29 M01 2019 11:19,30
Work,29 M01 2019 09:53,29 M01 2019 10:49,56
Work,29 M01 2019 09:15,29 M01 2019 09:53,38
Work,29 M01 2019 08:59,29 M01 2019 09:15,16
Food,29 M01 2019 08:52,29 M01 2019 08:59,7
Transport,29 M01 2019 08:42,29 M01 2019 08:52,10
Reddit,29 M01 2019 08:07,29 M01 2019 08:42,35
Sleep,29 M01 2019 00:42,29 M01 2019 08:07,445
Netflix,28 M01 2019 22:09,29 M01 2019 00:42,153
Study,28 M01 2019 21:37,28 M01 2019 22:09,32
Other,28 M01 2019 21:16,28 M01 2019 21:37,21
Other,28 M01 2019 20:34,28 M01 2019 21:16,42
Transport,28 M01 2019 20:17,28 M01 2019 20:34,17
Transport,28 M01 2019 20:04,28 M01 2019 20:17,13
Study,28 M01 2019 19:29,28 M01 2019 20:04,35
Study,28 M01 2019 17:09,28 M01 2019 19:29,140
Transport,28 M01 2019 16:40,28 M01 2019 17:09,29
Transport,28 M01 2019 16:24,28 M01 2019 16:40,16
Transport,28 M01 2019 16:12,28 M01 2019 16:24,12
Class,28 M01 2019 16:05,28 M01 2019 16:12,7
Class,28 M01 2019 15:42,28 M01 2019 16:05,23
Class,28 M01 2019 14:45,28 M01 2019 15:42,57
Study,28 M01 2019 13:41,28 M01 2019 14:45,64
Food,28 M01 2019 13:23,28 M01 2019 13:41,18
Reddit,28 M01 2019 13:06,28 M01 2019 13:23,17
Social,28 M01 2019 12:32,28 M01 2019 13:06,34
Study,28 M01 2019 11:57,28 M01 2019 12:32,35
Social,28 M01 2019 11:12,28 M01 2019 11:57,45
Class,28 M01 2019 09:42,28 M01 2019 11:12,90
Reddit,28 M01 2019 09:21,28 M01 2019 09:42,21
Reddit,28 M01 2019 09:04,28 M01 2019 09:21,17
Sleep,28 M01 2019 00:32,28 M01 2019 09:04,512
Homework,27 M01 2019 23:21,28 M01 2019 00:32,71
Homework,27 M01 2019 22:56,27 M01 2019 23:21,25
Reddit,27 M01 2019 21:39,27 M01 2019 22:56,77
Food,27 M01 2019 21:22,27 M01 2019 21:39,17
Reddit,27 M01 2019 20:51,27 M01 2019 21:22,31
Reddit,27 M01 2019 20:34,27 M01 2019 20:51,17
Reddit,27 M01 2019 20:15,27 M01 2019 20:34,19
Sleep,27 M01 2019 18:16,27 M01 2019 20:15,119
Internet,27 M01 2019 15:59,27 M01 2019 18:16,137
Netflix,27 M01 2019 14:50,27 M01 2019 15:59,69
Transport,27 M01 2019 14:44,27 M01 2019 14:50,6
Waste Time,27 M01 2019 14:37,27 M01 2019 14:44,7
Food,27 M01 2019 14:22,27 M01 2019 14:37,15
Food,27 M01 2019 14:06,27 M01 2019 14:22,16
Reddit,27 M01 2019 13:48,27 M01 2019 14:06,18
Waste Time,27 M01 2019 13:12,27 M01 2019 13:48,36
Sleep,27 M01 2019 02:36,27 M01 2019 13:12,636
Other,27 M01 2019 01:59,27 M01 2019 02:36,37
Study,27 M01 2019 00:34,27 M01 2019 01:59,85
Netflix,26 M01 2019 21:10,27 M01 2019 00:34,204
Social,26 M01 2019 20:44,26 M01 2019 21:10,26
Netflix,26 M01 2019 17:12,26 M01 2019 20:44,212
Netflix,26 M01 2019 14:20,26 M01 2019 17:12,172
Waste Time,26 M01 2019 13:56,26 M01 2019 14:20,24
Netflix,26 M01 2019 12:29,26 M01 2019 13:56,87
Music,26 M01 2019 11:42,26 M01 2019 12:29,47
Music,26 M01 2019 10:58,26 M01 2019 11:42,44
Music,26 M01 2019 10:13,26 M01 2019 10:58,45
Transport,26 M01 2019 10:08,26 M01 2019 10:13,5
Other,26 M01 2019 09:57,26 M01 2019 10:08,11
Waste Time,26 M01 2019 09:36,26 M01 2019 09:57,21
Sleep,26 M01 2019 09:00,26 M01 2019 09:36,36
Sleep,26 M01 2019 06:25,26 M01 2019 09:00,155
Netflix,26 M01 2019 02:38,26 M01 2019 06:25,227
Study,26 M01 2019 02:15,26 M01 2019 02:38,23
Netflix,25 M01 2019 22:19,26 M01 2019 02:15,236
Homework,25 M01 2019 22:03,25 M01 2019 22:19,16
Reddit,25 M01 2019 21:26,25 M01 2019 22:03,37
Homework,25 M01 2019 20:59,25 M01 2019 21:26,27
Social,25 M01 2019 20:30,25 M01 2019 20:59,29
Food,25 M01 2019 20:05,25 M01 2019 20:30,25
Transport,25 M01 2019 19:54,25 M01 2019 20:05,11
Waste Time,25 M01 2019 17:13,25 M01 2019 19:54,161
Homework,25 M01 2019 16:54,25 M01 2019 17:13,19
Other,25 M01 2019 15:27,25 M01 2019 16:54,87
Food,25 M01 2019 15:16,25 M01 2019 15:27,11
Transport,25 M01 2019 14:54,25 M01 2019 15:16,22
Food,25 M01 2019 14:45,25 M01 2019 14:54,9
Work,25 M01 2019 13:58,25 M01 2019 14:45,47
Other,25 M01 2019 13:47,25 M01 2019 13:58,11
Transport,25 M01 2019 13:41,25 M01 2019 13:47,6
Transport,25 M01 2019 13:14,25 M01 2019 13:41,27
Other,25 M01 2019 12:48,25 M01 2019 13:14,26
Other,25 M01 2019 12:03,25 M01 2019 12:48,45
Homework,25 M01 2019 11:32,25 M01 2019 12:03,31
Other,25 M01 2019 11:11,25 M01 2019 11:32,21
Class,25 M01 2019 09:46,25 M01 2019 11:11,85
Class,25 M01 2019 08:16,25 M01 2019 09:46,90
Transport,25 M01 2019 08:11,25 M01 2019 08:16,5
Food,25 M01 2019 07:52,25 M01 2019 08:11,19
Sleep,25 M01 2019 00:14,25 M01 2019 07:52,458
Netflix,24 M01 2019 23:26,25 M01 2019 00:14,48
Other,24 M01 2019 22:36,24 M01 2019 23:26,50
Self-Care,24 M01 2019 22:17,24 M01 2019 22:36,19
Other,24 M01 2019 20:25,24 M01 2019 22:17,112
Homework,24 M01 2019 19:58,24 M01 2019 20:25,27
Other,24 M01 2019 18:12,24 M01 2019 19:58,106
Transport,24 M01 2019 16:58,24 M01 2019 18:12,74
Reddit,24 M01 2019 15:33,24 M01 2019 16:58,85
Class,24 M01 2019 13:08,24 M01 2019 15:33,145
Other,24 M01 2019 12:22,24 M01 2019 13:08,46
Sleep,24 M01 2019 11:38,24 M01 2019 12:22,44
Work,24 M01 2019 11:23,24 M01 2019 11:38,15
Work,24 M01 2019 10:53,24 M01 2019 11:23,30
Work,24 M01 2019 10:11,24 M01 2019 10:53,42
Reddit,24 M01 2019 09:27,24 M01 2019 10:11,44
Work,24 M01 2019 09:23,24 M01 2019 09:27,4
Work,24 M01 2019 08:47,24 M01 2019 09:23,36
Other,24 M01 2019 08:32,24 M01 2019 08:47,15
Transport,24 M01 2019 08:25,24 M01 2019 08:32,7
Sleep,24 M01 2019 01:49,24 M01 2019 08:25,396
Netflix,24 M01 2019 00:53,24 M01 2019 01:49,56
Reddit,23 M01 2019 22:27,24 M01 2019 00:53,146
Netflix,23 M01 2019 22:27,24 M01 2019 00:53,146
Other,23 M01 2019 21:42,23 M01 2019 22:27,45
Transport,23 M01 2019 21:35,23 M01 2019 21:42,7
Music,23 M01 2019 20:43,23 M01 2019 21:35,52
Music,23 M01 2019 19:25,23 M01 2019 20:43,78
Other,23 M01 2019 17:54,23 M01 2019 19:25,91
Transport,23 M01 2019 17:41,23 M01 2019 17:54,13
Food,23 M01 2019 17:11,23 M01 2019 17:41,30
Social,23 M01 2019 16:35,23 M01 2019 17:11,36
Transport,23 M01 2019 16:20,23 M01 2019 16:35,15
Class,23 M01 2019 14:50,23 M01 2019 16:20,90
Other,23 M01 2019 14:25,23 M01 2019 14:50,25
Other,23 M01 2019 14:01,23 M01 2019 14:25,24
Work,23 M01 2019 11:55,23 M01 2019 14:01,126
Transport,23 M01 2019 11:36,23 M01 2019 11:55,19
Food,23 M01 2019 11:31,23 M01 2019 11:36,5
Food,23 M01 2019 11:10,23 M01 2019 11:30,20
Class,23 M01 2019 10:53,23 M01 2019 11:10,17
Transport,23 M01 2019 10:25,23 M01 2019 10:53,28
Reddit,23 M01 2019 09:53,23 M01 2019 10:25,32
Class,23 M01 2019 08:10,23 M01 2019 09:53,103
Transport,23 M01 2019 08:03,23 M01 2019 08:10,7
Food,23 M01 2019 07:53,23 M01 2019 08:03,10
Transport,23 M01 2019 07:48,23 M01 2019 07:53,5
Sleep,23 M01 2019 00:17,23 M01 2019 07:48,451
Reddit,22 M01 2019 23:45,23 M01 2019 00:17,32
Other,22 M01 2019 23:17,22 M01 2019 23:45,28
Netflix,22 M01 2019 20:13,22 M01 2019 23:17,184
Reddit,22 M01 2019 19:33,22 M01 2019 20:13,40
Transport,22 M01 2019 19:28,22 M01 2019 19:33,5
Food,22 M01 2019 19:12,22 M01 2019 19:28,16
Transport,22 M01 2019 19:02,22 M01 2019 19:12,10
Food,22 M01 2019 18:43,22 M01 2019 19:02,19
Transport,22 M01 2019 18:22,22 M01 2019 18:43,21
Homework,22 M01 2019 18:19,22 M01 2019 18:22,3
Other,22 M01 2019 18:04,22 M01 2019 18:19,15
Reddit,22 M01 2019 16:41,22 M01 2019 18:04,83
Sleep,22 M01 2019 12:44,22 M01 2019 16:41,237
Sleep,22 M01 2019 12:38,22 M01 2019 12:44,6
Reddit,22 M01 2019 11:57,22 M01 2019 12:38,41
Work,22 M01 2019 11:31,22 M01 2019 11:57,26
Work,22 M01 2019 11:16,22 M01 2019 11:31,15
Work,22 M01 2019 08:52,22 M01 2019 11:16,144
Sleep,21 M01 2019 21:12,22 M01 2019 08:52,700
Transport,21 M01 2019 20:42,21 M01 2019 21:12,30
Social,21 M01 2019 18:52,21 M01 2019 20:42,110
Transport,21 M01 2019 18:42,21 M01 2019 18:52,10
Food,21 M01 2019 18:29,21 M01 2019 18:42,13
Music,21 M01 2019 17:37,21 M01 2019 18:29,52
Other,21 M01 2019 17:37,21 M01 2019 18:29,52
Transport,21 M01 2019 17:29,21 M01 2019 17:37,8
Reddit,21 M01 2019 17:22,21 M01 2019 17:29,7
Transport,21 M01 2019 17:00,21 M01 2019 17:22,22
Waste Time,21 M01 2019 16:26,21 M01 2019 17:00,34
Sleep,21 M01 2019 16:12,21 M01 2019 16:26,14
Reddit,21 M01 2019 15:43,21 M01 2019 16:12,29
Netflix,21 M01 2019 15:26,21 M01 2019 15:43,17
Netflix,21 M01 2019 15:09,21 M01 2019 15:26,17
Reddit,21 M01 2019 14:32,21 M01 2019 15:09,37
Netflix,21 M01 2019 13:55,21 M01 2019 14:32,37
Transport,21 M01 2019 13:34,21 M01 2019 13:55,21
Food,21 M01 2019 13:07,21 M01 2019 13:34,27
Social,21 M01 2019 12:40,21 M01 2019 13:07,27
Transport,21 M01 2019 12:23,21 M01 2019 12:40,17
Sleep,21 M01 2019 09:48,21 M01 2019 12:23,155
Food,21 M01 2019 09:28,21 M01 2019 09:48,20
Food,21 M01 2019 09:11,21 M01 2019 09:28,17
Netflix,21 M01 2019 07:54,21 M01 2019 09:11,77
Netflix,21 M01 2019 06:19,21 M01 2019 07:54,95
Study,21 M01 2019 05:20,21 M01 2019 06:19,59
Homework,21 M01 2019 01:32,21 M01 2019 05:20,228
Other,21 M01 2019 00:57,21 M01 2019 01:32,35
Netflix,20 M01 2019 20:55,21 M01 2019 00:57,242
Reddit,20 M01 2019 20:06,20 M01 2019 20:55,49
Food,20 M01 2019 19:38,20 M01 2019 20:06,28
Social,20 M01 2019 19:06,20 M01 2019 19:38,32
Homework,20 M01 2019 17:54,20 M01 2019 19:06,72
Other,20 M01 2019 17:43,20 M01 2019 17:54,11
Transport,20 M01 2019 17:37,20 M01 2019 17:43,6
Transport,20 M01 2019 17:15,20 M01 2019 17:37,22
Waste Time,20 M01 2019 16:26,20 M01 2019 17:15,49
Transport,20 M01 2019 15:52,20 M01 2019 16:26,34
Food,20 M01 2019 15:37,20 M01 2019 15:52,15
Other,20 M01 2019 15:25,20 M01 2019 15:37,12
Transport,20 M01 2019 15:20,20 M01 2019 15:25,5
Reddit,20 M01 2019 14:40,20 M01 2019 15:20,40
Waste Time,19 M01 2019 23:17,20 M01 2019 14:40,923
Reddit,19 M01 2019 21:22,19 M01 2019 23:17,115
Transport,19 M01 2019 21:08,19 M01 2019 21:22,14
Food,19 M01 2019 20:50,19 M01 2019 21:08,18
Sleep,19 M01 2019 19:55,19 M01 2019 20:50,55
Social,19 M01 2019 19:31,19 M01 2019 19:55,24
Reddit,19 M01 2019 19:10,19 M01 2019 19:31,21
Other,19 M01 2019 19:00,19 M01 2019 19:10,10
Reddit,19 M01 2019 17:47,19 M01 2019 19:00,73
Transport,19 M01 2019 17:41,19 M01 2019 17:47,6
Music,19 M01 2019 17:25,19 M01 2019 17:41,16
Reddit,19 M01 2019 17:04,19 M01 2019 17:25,21
Transport,19 M01 2019 16:49,19 M01 2019 17:04,15
Music,19 M01 2019 15:38,19 M01 2019 16:49,71
Study,19 M01 2019 14:46,19 M01 2019 15:38,52
Reddit,19 M01 2019 14:05,19 M01 2019 14:46,41
Transport,19 M01 2019 13:54,19 M01 2019 14:05,11
Food,19 M01 2019 13:24,19 M01 2019 13:54,30
Sleep,19 M01 2019 12:32,19 M01 2019 13:24,52
Sleep,19 M01 2019 10:40,19 M01 2019 12:32,112
Sleep,19 M01 2019 02:29,19 M01 2019 10:40,491
Internet,19 M01 2019 00:09,19 M01 2019 02:28,139
Study,18 M01 2019 21:30,19 M01 2019 00:09,159
Study,18 M01 2019 17:17,18 M01 2019 21:30,253
Transport,18 M01 2019 17:10,18 M01 2019 17:17,7
Social,18 M01 2019 16:59,18 M01 2019 17:10,11
Work,18 M01 2019 15:18,18 M01 2019 16:59,101
Work,18 M01 2019 13:59,18 M01 2019 15:18,79
Study,18 M01 2019 13:15,18 M01 2019 13:59,44
Internet,18 M01 2019 12:55,18 M01 2019 13:15,20
Internet,18 M01 2019 11:59,18 M01 2019 12:55,56
Transport,18 M01 2019 11:37,18 M01 2019 11:59,22
Reddit,18 M01 2019 11:26,18 M01 2019 11:37,11
Transport,18 M01 2019 11:11,18 M01 2019 11:26,15
Class,18 M01 2019 10:05,18 M01 2019 11:11,66
Transport,18 M01 2019 09:54,18 M01 2019 10:05,11
Food,18 M01 2019 09:33,18 M01 2019 09:54,21
Other,18 M01 2019 09:11,18 M01 2019 09:33,22
Sleep,18 M01 2019 09:01,18 M01 2019 09:11,10
Sleep,18 M01 2019 02:49,18 M01 2019 09:01,372
Netflix,18 M01 2019 00:15,18 M01 2019 02:49,154
Gaming,17 M01 2019 21:24,18 M01 2019 00:15,171
Social,17 M01 2019 20:23,17 M01 2019 21:24,61
Other,17 M01 2019 19:33,17 M01 2019 20:23,50
Other,17 M01 2019 18:38,17 M01 2019 19:33,55
Class,17 M01 2019 17:17,17 M01 2019 18:38,81
Other,17 M01 2019 16:28,17 M01 2019 17:17,49
Class,17 M01 2019 15:25,17 M01 2019 16:28,63
Class,17 M01 2019 14:54,17 M01 2019 15:25,31
Other,17 M01 2019 13:09,17 M01 2019 14:54,105
Self-Care,17 M01 2019 12:45,17 M01 2019 13:09,24
Other,17 M01 2019 09:55,17 M01 2019 12:45,170
Sleep,17 M01 2019 02:43,17 M01 2019 09:55,432
Reddit,17 M01 2019 01:58,17 M01 2019 02:43,45
Gaming,16 M01 2019 21:29,17 M01 2019 01:58,269
Music,16 M01 2019 20:50,16 M01 2019 21:29,39
Music,16 M01 2019 19:21,16 M01 2019 20:50,89
Transport,16 M01 2019 19:01,16 M01 2019 19:21,20
Music,16 M01 2019 18:22,16 M01 2019 19:01,39
Music,16 M01 2019 17:50,16 M01 2019 18:22,32
Reddit,16 M01 2019 17:00,16 M01 2019 17:50,50
Food,16 M01 2019 16:32,16 M01 2019 17:00,28
Other,16 M01 2019 16:11,16 M01 2019 16:32,21
Other,16 M01 2019 14:56,16 M01 2019 16:11,75
Class,16 M01 2019 13:45,16 M01 2019 14:56,71
Transport,16 M01 2019 13:15,16 M01 2019 13:45,30
Gaming,16 M01 2019 11:20,16 M01 2019 13:15,115
Class,16 M01 2019 09:50,16 M01 2019 11:20,90
Class,16 M01 2019 08:18,16 M01 2019 09:50,92
Transport,16 M01 2019 08:02,16 M01 2019 08:18,16
Food,16 M01 2019 07:56,16 M01 2019 08:02,6
Waste Time,16 M01 2019 07:43,16 M01 2019 07:56,13
Food,16 M01 2019 07:33,16 M01 2019 07:43,10
Sleep,16 M01 2019 02:05,16 M01 2019 07:33,328
Gaming,15 M01 2019 20:04,16 M01 2019 02:05,361
Gaming,15 M01 2019 19:52,15 M01 2019 20:04,12
Social,15 M01 2019 19:40,15 M01 2019 19:52,12
Gaming,15 M01 2019 18:46,15 M01 2019 19:40,54
Social,15 M01 2019 17:46,15 M01 2019 18:46,60
Other,15 M01 2019 17:22,15 M01 2019 17:46,24
Transport,15 M01 2019 16:52,15 M01 2019 17:22,30
Study,15 M01 2019 14:55,15 M01 2019 16:52,117
Other,15 M01 2019 13:29,15 M01 2019 14:55,86
Gaming,15 M01 2019 11:44,15 M01 2019 13:29,105
Reddit,15 M01 2019 11:00,15 M01 2019 11:44,44
Sleep,15 M01 2019 08:50,15 M01 2019 11:00,130
Sleep,15 M01 2019 04:28,15 M01 2019 08:50,262
Netflix,15 M01 2019 03:36,15 M01 2019 04:28,52
Netflix,15 M01 2019 00:54,15 M01 2019 03:36,162
Gaming,14 M01 2019 23:08,15 M01 2019 00:54,106
Social,14 M01 2019 22:08,14 M01 2019 23:08,60
Netflix,14 M01 2019 21:36,14 M01 2019 22:08,32
Transport,14 M01 2019 20:58,14 M01 2019 21:36,38
Music,14 M01 2019 19:52,14 M01 2019 20:58,66
Class,14 M01 2019 16:51,14 M01 2019 19:52,181
Transport,14 M01 2019 16:36,14 M01 2019 16:51,15
Class,14 M01 2019 16:19,14 M01 2019 16:36,17
Class,14 M01 2019 15:05,14 M01 2019 16:19,74
Transport,14 M01 2019 14:52,14 M01 2019 15:05,13
Class,14 M01 2019 14:45,14 M01 2019 14:52,7
Study,14 M01 2019 13:52,14 M01 2019 14:45,53
Study,14 M01 2019 13:02,14 M01 2019 13:52,50
Waste Time,14 M01 2019 12:18,14 M01 2019 13:02,44
Reddit,14 M01 2019 11:16,14 M01 2019 12:18,62
Class,14 M01 2019 10:00,14 M01 2019 11:16,76
Food,14 M01 2019 09:31,14 M01 2019 10:00,29
Waste Time,14 M01 2019 08:31,14 M01 2019 09:31,60
Sleep,14 M01 2019 01:32,14 M01 2019 08:30,418
Netflix,14 M01 2019 00:02,14 M01 2019 01:32,90
Netflix,13 M01 2019 23:32,14 M01 2019 00:02,30
Other,13 M01 2019 23:26,13 M01 2019 23:32,6
Gaming,13 M01 2019 23:11,13 M01 2019 23:26,15
Social,13 M01 2019 22:56,13 M01 2019 23:11,15
Netflix,13 M01 2019 22:48,13 M01 2019 22:56,8
Gaming,13 M01 2019 21:53,13 M01 2019 22:48,55
Social,13 M01 2019 20:54,13 M01 2019 21:53,59
Waste Time,13 M01 2019 20:16,13 M01 2019 20:54,38
Food,13 M01 2019 19:27,13 M01 2019 20:16,49
Social,13 M01 2019 17:46,13 M01 2019 19:27,101
Social,13 M01 2019 16:03,13 M01 2019 17:46,103
Social,13 M01 2019 15:40,13 M01 2019 16:02,22
Transport,13 M01 2019 15:22,13 M01 2019 15:40,18
Transport,13 M01 2019 14:44,13 M01 2019 15:22,38
Food,13 M01 2019 14:23,13 M01 2019 14:44,21
Study,13 M01 2019 14:05,13 M01 2019 14:23,18
Transport,13 M01 2019 13:08,13 M01 2019 14:05,57
Internet,13 M01 2019 12:13,13 M01 2019 13:08,55
Reddit,13 M01 2019 11:38,13 M01 2019 12:13,35
Social,13 M01 2019 11:18,13 M01 2019 11:38,20
Food,13 M01 2019 10:57,13 M01 2019 11:18,21
Transport,13 M01 2019 10:51,13 M01 2019 10:57,6
Food,13 M01 2019 10:27,13 M01 2019 10:51,24
Reddit,13 M01 2019 09:30,13 M01 2019 10:27,57
Sleep,13 M01 2019 02:06,13 M01 2019 09:30,444
Other,13 M01 2019 01:38,13 M01 2019 02:06,28
Netflix,13 M01 2019 00:51,13 M01 2019 01:38,47
Netflix,13 M01 2019 00:28,13 M01 2019 00:51,23
Netflix,12 M01 2019 23:58,13 M01 2019 00:28,30
Netflix,12 M01 2019 22:30,12 M01 2019 23:58,88
Social,12 M01 2019 21:51,12 M01 2019 22:29,38
Social,12 M01 2019 20:04,12 M01 2019 21:51,107
Food,12 M01 2019 19:48,12 M01 2019 20:04,16
Self-Care,12 M01 2019 19:26,12 M01 2019 19:48,22
Internet,12 M01 2019 18:32,12 M01 2019 19:26,54
Netflix,12 M01 2019 17:04,12 M01 2019 18:32,88
Netflix,12 M01 2019 15:05,12 M01 2019 17:04,119
Waste Time,12 M01 2019 13:40,12 M01 2019 15:05,85
Sleep,12 M01 2019 00:23,12 M01 2019 13:40,797
Other,11 M01 2019 23:45,12 M01 2019 00:23,38
Reddit,11 M01 2019 21:32,11 M01 2019 23:45,133
Netflix,11 M01 2019 21:24,11 M01 2019 21:32,8
Food,11 M01 2019 20:57,11 M01 2019 21:24,27
Transport,11 M01 2019 20:37,11 M01 2019 20:57,20
Reddit,11 M01 2019 20:31,11 M01 2019 20:37,6
Internet,11 M01 2019 18:29,11 M01 2019 20:31,122
Internet,11 M01 2019 16:46,11 M01 2019 18:29,103
Other,11 M01 2019 15:54,11 M01 2019 16:46,52
Social,11 M01 2019 15:48,11 M01 2019 15:54,6
Reddit,11 M01 2019 15:27,11 M01 2019 15:48,21
Music,11 M01 2019 15:02,11 M01 2019 15:27,25
Reddit,11 M01 2019 14:34,11 M01 2019 15:02,28
Class,11 M01 2019 13:18,11 M01 2019 14:34,76
Internet,11 M01 2019 11:11,11 M01 2019 13:18,127
Class,11 M01 2019 10:18,11 M01 2019 11:11,53
Reddit,11 M01 2019 09:58,11 M01 2019 10:18,20
Transport,11 M01 2019 09:44,11 M01 2019 09:57,13
Reddit,11 M01 2019 09:38,11 M01 2019 09:44,6
Class,11 M01 2019 08:01,11 M01 2019 09:38,97
Food,11 M01 2019 07:42,11 M01 2019 08:01,19
Sleep,11 M01 2019 03:16,11 M01 2019 07:42,266
Internet,11 M01 2019 01:59,11 M01 2019 03:16,77
Waste Time,11 M01 2019 00:57,11 M01 2019 01:59,62
Other,10 M01 2019 22:32,11 M01 2019 00:57,145
Music,10 M01 2019 21:59,10 M01 2019 22:32,33
Transport,10 M01 2019 21:34,10 M01 2019 21:59,25
Other,10 M01 2019 21:15,10 M01 2019 21:34,19
Transport,10 M01 2019 20:57,10 M01 2019 21:15,18
Social,10 M01 2019 20:39,10 M01 2019 20:57,18
Reddit,10 M01 2019 20:22,10 M01 2019 20:39,17
Social,10 M01 2019 18:56,10 M01 2019 20:22,86
Class,10 M01 2019 18:07,10 M01 2019 18:56,49
Reddit,10 M01 2019 16:06,10 M01 2019 18:07,121
Other,10 M01 2019 15:22,10 M01 2019 16:06,44
Transport,10 M01 2019 15:02,10 M01 2019 15:22,20
Netflix,10 M01 2019 13:55,10 M01 2019 15:02,67
Class,10 M01 2019 12:40,10 M01 2019 13:55,75
Study,10 M01 2019 12:21,10 M01 2019 12:40,19
Social,10 M01 2019 12:05,10 M01 2019 12:21,16
Social,10 M01 2019 09:09,10 M01 2019 12:05,176
Other,10 M01 2019 08:42,10 M01 2019 09:09,27
Sleep,10 M01 2019 00:45,10 M01 2019 08:42,477
Other,09 M01 2019 23:03,10 M01 2019 00:45,102
Other,09 M01 2019 22:34,09 M01 2019 23:03,29
Other,09 M01 2019 21:41,09 M01 2019 22:34,53
Other,09 M01 2019 21:03,09 M01 2019 21:41,38
Other,09 M01 2019 20:12,09 M01 2019 21:03,51
Reddit,09 M01 2019 19:49,09 M01 2019 20:12,23
Reddit,09 M01 2019 19:32,09 M01 2019 19:49,17
Social,09 M01 2019 19:16,09 M01 2019 19:32,16
Food,09 M01 2019 18:40,09 M01 2019 19:16,36
Social,09 M01 2019 16:29,09 M01 2019 18:40,131
Transport,09 M01 2019 16:11,09 M01 2019 16:29,18
Class,09 M01 2019 15:25,09 M01 2019 16:11,46
Class,09 M01 2019 14:39,09 M01 2019 15:25,46
Study,09 M01 2019 14:24,09 M01 2019 14:39,15
Study,09 M01 2019 14:01,09 M01 2019 14:24,23
Waste Time,09 M01 2019 13:41,09 M01 2019 14:01,20
Study,09 M01 2019 13:34,09 M01 2019 13:41,7
Food,09 M01 2019 13:11,09 M01 2019 13:33,22
Food,09 M01 2019 12:56,09 M01 2019 13:11,15
Internet,09 M01 2019 12:24,09 M01 2019 12:56,32
Study,09 M01 2019 11:12,09 M01 2019 12:24,72
Class,09 M01 2019 09:56,09 M01 2019 11:12,76
Food,09 M01 2019 09:31,09 M01 2019 09:56,25
Transport,09 M01 2019 09:14,09 M01 2019 09:31,17
Reddit,09 M01 2019 08:00,09 M01 2019 09:14,74
Sleep,09 M01 2019 07:01,09 M01 2019 08:00,59
Sleep,09 M01 2019 00:39,09 M01 2019 07:01,382
Reddit,08 M01 2019 23:38,09 M01 2019 00:39,61
Homework,08 M01 2019 22:50,08 M01 2019 23:38,48
Waste Time,08 M01 2019 22:13,08 M01 2019 22:50,37
Other,08 M01 2019 21:57,08 M01 2019 22:13,16
Other,08 M01 2019 21:36,08 M01 2019 21:57,21
Social,08 M01 2019 20:29,08 M01 2019 21:36,67
Social,08 M01 2019 20:00,08 M01 2019 20:29,29
Social,08 M01 2019 18:42,08 M01 2019 20:00,78
Food,08 M01 2019 17:39,08 M01 2019 18:42,63
Social,08 M01 2019 16:36,08 M01 2019 17:39,63
Waste Time,08 M01 2019 16:19,08 M01 2019 16:35,16
Other,08 M01 2019 15:58,08 M01 2019 16:19,21
Homework,08 M01 2019 14:37,08 M01 2019 15:58,81
Other,08 M01 2019 14:12,08 M01 2019 14:37,25
Transport,08 M01 2019 13:52,08 M01 2019 14:12,20
Food,08 M01 2019 13:30,08 M01 2019 13:52,22
Social,08 M01 2019 13:07,08 M01 2019 13:30,23
Other,08 M01 2019 12:59,08 M01 2019 13:07,8
Transport,08 M01 2019 12:35,08 M01 2019 12:59,24
Homework,08 M01 2019 10:49,08 M01 2019 12:35,106
Self-Care,08 M01 2019 10:23,08 M01 2019 10:49,26
Reddit,08 M01 2019 08:44,08 M01 2019 10:23,99
Sleep,07 M01 2019 23:18,08 M01 2019 08:44,566
Netflix,07 M01 2019 23:02,07 M01 2019 23:18,16
Netflix,07 M01 2019 22:37,07 M01 2019 23:02,25
Netflix,07 M01 2019 21:10,07 M01 2019 22:37,87
Gaming,07 M01 2019 19:02,07 M01 2019 21:10,128
Self-Care,07 M01 2019 18:26,07 M01 2019 19:02,36
Sleep,07 M01 2019 18:15,07 M01 2019 18:26,11
Reddit,07 M01 2019 14:54,07 M01 2019 18:15,201
Other,07 M01 2019 14:47,07 M01 2019 14:54,7
Transport,07 M01 2019 14:23,07 M01 2019 14:47,24
Other,07 M01 2019 13:55,07 M01 2019 14:23,28
Self-Care,07 M01 2019 13:29,07 M01 2019 13:55,26
Food,07 M01 2019 12:31,07 M01 2019 13:29,58
Reddit,07 M01 2019 12:13,07 M01 2019 12:31,18
Reddit,07 M01 2019 11:39,07 M01 2019 12:13,34
Study,07 M01 2019 11:05,07 M01 2019 11:38,33
Study,07 M01 2019 09:40,07 M01 2019 11:05,85
Other,07 M01 2019 09:14,07 M01 2019 09:40,26
Food,07 M01 2019 08:48,07 M01 2019 09:14,26
Other,07 M01 2019 08:12,07 M01 2019 08:47,35
Other,07 M01 2019 07:06,07 M01 2019 08:12,66
Sleep,06 M01 2019 22:59,07 M01 2019 07:06,487
Netflix,06 M01 2019 22:36,06 M01 2019 22:59,23
Netflix,06 M01 2019 22:16,06 M01 2019 22:36,20
Netflix,06 M01 2019 21:52,06 M01 2019 22:16,24
Netflix,06 M01 2019 18:39,06 M01 2019 21:52,193
Food,06 M01 2019 18:07,06 M01 2019 18:39,32
Netflix,06 M01 2019 17:22,06 M01 2019 18:07,45
Netflix,06 M01 2019 16:54,06 M01 2019 17:22,28
Netflix,06 M01 2019 15:14,06 M01 2019 16:54,100
Netflix,06 M01 2019 14:55,06 M01 2019 15:14,19
Other,06 M01 2019 14:03,06 M01 2019 14:55,52
Transport,06 M01 2019 13:50,06 M01 2019 14:03,13
Netflix,06 M01 2019 13:08,06 M01 2019 13:50,42
Gym,06 M01 2019 12:46,06 M01 2019 13:08,22
Self-Care,06 M01 2019 12:16,06 M01 2019 12:46,30
Gym,06 M01 2019 11:47,06 M01 2019 12:16,29
Gym,06 M01 2019 10:48,06 M01 2019 11:47,59
Transport,06 M01 2019 10:34,06 M01 2019 10:48,14
Food,06 M01 2019 10:05,06 M01 2019 10:34,29
Sleep,05 M01 2019 23:09,06 M01 2019 10:05,656
Netflix,05 M01 2019 21:24,05 M01 2019 23:09,105
Netflix,05 M01 2019 20:48,05 M01 2019 21:24,36
Reddit,05 M01 2019 20:17,05 M01 2019 20:48,31
Transport,05 M01 2019 19:57,05 M01 2019 20:17,20
Transport,05 M01 2019 19:39,05 M01 2019 19:57,18
Transport,05 M01 2019 17:48,05 M01 2019 19:39,111
Sleep,05 M01 2019 17:07,05 M01 2019 17:48,41
Study,05 M01 2019 17:07,05 M01 2019 17:48,41
Transport,05 M01 2019 16:41,05 M01 2019 17:07,26
Gym,05 M01 2019 16:17,05 M01 2019 16:41,24
Social,05 M01 2019 15:49,05 M01 2019 16:17,28
Transport,05 M01 2019 15:28,05 M01 2019 15:49,21
Gym,05 M01 2019 14:10,05 M01 2019 15:28,78
Social,05 M01 2019 13:41,05 M01 2019 14:10,29
Social,05 M01 2019 13:21,05 M01 2019 13:41,20
Social,05 M01 2019 13:02,05 M01 2019 13:21,19
Internet,05 M01 2019 12:40,05 M01 2019 13:02,22
Other,05 M01 2019 12:16,05 M01 2019 12:40,24
Transport,05 M01 2019 11:56,05 M01 2019 12:16,20
Transport,05 M01 2019 11:17,05 M01 2019 11:56,39
Transport,05 M01 2019 09:10,05 M01 2019 11:17,127
Waste Time,05 M01 2019 08:40,05 M01 2019 09:10,30
Other,05 M01 2019 08:33,05 M01 2019 08:40,7
Reddit,05 M01 2019 08:04,05 M01 2019 08:33,29
Sleep,05 M01 2019 05:15,05 M01 2019 08:04,169
Reddit,05 M01 2019 04:21,05 M01 2019 05:15,54
Reddit,05 M01 2019 03:50,05 M01 2019 04:21,31
Reddit,05 M01 2019 02:27,05 M01 2019 03:50,83
Reddit,05 M01 2019 01:02,05 M01 2019 02:27,85
Other,05 M01 2019 00:38,05 M01 2019 01:02,24
Food,05 M01 2019 00:25,05 M01 2019 00:38,13
Other,04 M01 2019 23:36,05 M01 2019 00:25,49
Other,04 M01 2019 23:31,04 M01 2019 23:36,5
Sleep,04 M01 2019 23:18,04 M01 2019 23:31,13
Other,04 M01 2019 23:05,04 M01 2019 23:18,13
Sleep,04 M01 2019 21:15,04 M01 2019 23:05,110
Self-Care,04 M01 2019 20:49,04 M01 2019 21:15,26
Reddit,04 M01 2019 19:45,04 M01 2019 20:49,64
Music,04 M01 2019 19:00,04 M01 2019 19:45,45
Gaming,04 M01 2019 18:52,04 M01 2019 19:00,8
Food,04 M01 2019 18:20,04 M01 2019 18:52,32
Food,04 M01 2019 17:53,04 M01 2019 18:20,27
Social,04 M01 2019 17:12,04 M01 2019 17:53,41
Social,04 M01 2019 14:44,04 M01 2019 17:12,148
Other,04 M01 2019 14:17,04 M01 2019 14:44,27
Other,04 M01 2019 13:25,04 M01 2019 14:17,52
Work,04 M01 2019 13:05,04 M01 2019 13:25,20
Food,04 M01 2019 12:39,04 M01 2019 13:05,26
Food,04 M01 2019 12:18,04 M01 2019 12:39,21
Sleep,04 M01 2019 03:26,04 M01 2019 12:18,532
Reddit,04 M01 2019 00:24,04 M01 2019 03:26,182
Sleep,04 M01 2019 00:04,04 M01 2019 00:24,20
Reddit,03 M01 2019 23:22,04 M01 2019 00:04,42
Other,03 M01 2019 23:02,03 M01 2019 23:22,20
Netflix,03 M01 2019 22:09,03 M01 2019 23:02,53
Netflix,03 M01 2019 20:27,03 M01 2019 22:09,102
Self-Care,03 M01 2019 19:39,03 M01 2019 20:27,48
Food,03 M01 2019 19:08,03 M01 2019 19:39,31
Other,03 M01 2019 18:36,03 M01 2019 19:08,32
Food,03 M01 2019 18:18,03 M01 2019 18:36,18
Netflix,03 M01 2019 18:04,03 M01 2019 18:18,14
Gaming,03 M01 2019 17:38,03 M01 2019 18:04,26
Gaming,03 M01 2019 17:12,03 M01 2019 17:38,26
Netflix,03 M01 2019 15:15,03 M01 2019 17:12,117
Netflix,03 M01 2019 14:50,03 M01 2019 15:15,25
Netflix,03 M01 2019 14:33,03 M01 2019 14:50,17
Internet,03 M01 2019 14:07,03 M01 2019 14:33,26
Netflix,03 M01 2019 13:49,03 M01 2019 14:07,18
Netflix,03 M01 2019 12:26,03 M01 2019 13:49,83
Study,03 M01 2019 12:01,03 M01 2019 12:26,25
Netflix,03 M01 2019 10:21,03 M01 2019 12:01,100
Self-Care,03 M01 2019 10:14,03 M01 2019 10:21,7
Food,03 M01 2019 09:24,03 M01 2019 10:14,50
Sleep,03 M01 2019 09:19,03 M01 2019 09:24,5
Reddit,03 M01 2019 08:35,03 M01 2019 09:19,44
Sleep,03 M01 2019 02:47,03 M01 2019 08:35,348
Netflix,03 M01 2019 00:17,03 M01 2019 02:47,150
Netflix,02 M01 2019 23:12,03 M01 2019 00:17,65
Other,02 M01 2019 22:34,02 M01 2019 23:12,38
Netflix,02 M01 2019 20:29,02 M01 2019 22:34,125
Other,02 M01 2019 18:55,02 M01 2019 20:29,94
Work,02 M01 2019 17:27,02 M01 2019 18:55,88
Food,02 M01 2019 17:07,02 M01 2019 17:27,20
Other,02 M01 2019 16:24,02 M01 2019 17:07,43
Transport,02 M01 2019 16:17,02 M01 2019 16:24,7
Netflix,02 M01 2019 16:00,02 M01 2019 16:17,17
Netflix,02 M01 2019 15:32,02 M01 2019 16:00,28
Reddit,02 M01 2019 15:11,02 M01 2019 15:32,21
Gym,02 M01 2019 14:55,02 M01 2019 15:11,16
Gym,02 M01 2019 14:25,02 M01 2019 14:55,30
Gym,02 M01 2019 14:08,02 M01 2019 14:25,17
Transport,02 M01 2019 13:54,02 M01 2019 14:08,14
Self-Care,02 M01 2019 13:48,02 M01 2019 13:54,6
Self-Care,02 M01 2019 13:39,02 M01 2019 13:48,9
Waste Time,02 M01 2019 12:43,02 M01 2019 13:39,56
Sleep,02 M01 2019 12:24,02 M01 2019 12:43,19
Waste Time,02 M01 2019 12:09,02 M01 2019 12:24,15
Sleep,02 M01 2019 07:41,02 M01 2019 12:09,268
Sleep,02 M01 2019 03:26,02 M01 2019 07:41,255
Netflix,01 M01 2019 23:36,02 M01 2019 03:26,230
Netflix,01 M01 2019 22:03,01 M01 2019 23:36,93
Netflix,01 M01 2019 21:30,01 M01 2019 22:03,33
Netflix,01 M01 2019 20:55,01 M01 2019 21:30,35
Food,01 M01 2019 20:13,01 M01 2019 20:55,42
Reddit,01 M01 2019 19:55,01 M01 2019 20:13,18
Netflix,01 M01 2019 18:34,01 M01 2019 19:55,81
Reddit,01 M01 2019 17:55,01 M01 2019 18:34,39
Other,01 M01 2019 17:43,01 M01 2019 17:55,12
Gym,01 M01 2019 17:26,01 M01 2019 17:43,17
Gym,01 M01 2019 17:02,01 M01 2019 17:26,24
Gym,01 M01 2019 16:45,01 M01 2019 17:02,17
Gym,01 M01 2019 15:41,01 M01 2019 16:45,64
Gaming,01 M01 2019 15:14,01 M01 2019 15:41,27
Social,01 M01 2019 14:21,01 M01 2019 15:14,53
Food,01 M01 2019 13:45,01 M01 2019 14:21,36
Other,01 M01 2019 13:17,01 M01 2019 13:45,28
Other,01 M01 2019 12:57,01 M01 2019 13:17,20
Waste Time,01 M01 2019 12:38,01 M01 2019 12:57,19
Sleep,01 M01 2019 11:47,01 M01 2019 12:38,51
Sleep,01 M01 2019 02:32,01 M01 2019 11:47,555
Other,01 M01 2019 01:47,01 M01 2019 02:32,45
Reddit,01 M01 2019 00:58,01 M01 2019 01:47,49
Social,01 M01 2019 00:32,01 M01 2019 00:58,26
Waste Time,31 M12 2018 23:29,01 M01 2019 00:32,63
Social,31 M12 2018 22:47,31 M12 2018 23:29,42
Netflix,31 M12 2018 22:41,31 M12 2018 22:47,6
Social,31 M12 2018 21:07,31 M12 2018 22:41,94
Food,31 M12 2018 20:10,31 M12 2018 21:07,57
Work,31 M12 2018 19:52,31 M12 2018 20:10,18
Other,31 M12 2018 18:55,31 M12 2018 19:52,57
Other,31 M12 2018 18:36,31 M12 2018 18:55,19
Social,31 M12 2018 17:41,31 M12 2018 18:36,55
Other,31 M12 2018 17:14,31 M12 2018 17:41,27
Social,31 M12 2018 15:49,31 M12 2018 17:14,85
Waste Time,31 M12 2018 15:33,31 M12 2018 15:49,16
Waste Time,31 M12 2018 15:08,31 M12 2018 15:33,25
Reddit,31 M12 2018 14:45,31 M12 2018 15:08,23
Waste Time,31 M12 2018 13:19,31 M12 2018 14:45,86
Sleep,31 M12 2018 12:55,31 M12 2018 13:19,24
Waste Time,31 M12 2018 12:32,31 M12 2018 12:55,23
Waste Time,31 M12 2018 11:50,31 M12 2018 12:32,42
Sleep,31 M12 2018 02:59,31 M12 2018 11:50,531
Reddit,31 M12 2018 02:30,31 M12 2018 02:59,29
Netflix,30 M12 2018 21:46,31 M12 2018 02:30,284
Other,30 M12 2018 21:21,30 M12 2018 21:46,25
Netflix,30 M12 2018 20:03,30 M12 2018 21:21,78
Netflix,30 M12 2018 19:41,30 M12 2018 20:03,22
Other,30 M12 2018 19:22,30 M12 2018 19:41,19
Other,30 M12 2018 19:04,30 M12 2018 19:22,18
Netflix,30 M12 2018 17:11,30 M12 2018 19:04,113
Transport,30 M12 2018 16:54,30 M12 2018 17:11,17
Waste Time,30 M12 2018 16:36,30 M12 2018 16:54,18
Reddit,30 M12 2018 16:19,30 M12 2018 16:36,17
Reddit,30 M12 2018 15:44,30 M12 2018 16:19,35
Self-Care,30 M12 2018 15:11,30 M12 2018 15:44,33
Reddit,30 M12 2018 14:27,30 M12 2018 15:11,44
Reddit,30 M12 2018 14:08,30 M12 2018 14:27,19
Reddit,30 M12 2018 12:24,30 M12 2018 14:08,104
Sleep,30 M12 2018 00:04,30 M12 2018 12:24,740
Reddit,29 M12 2018 23:41,30 M12 2018 00:04,23
Netflix,29 M12 2018 20:44,29 M12 2018 23:41,177
Food,29 M12 2018 20:15,29 M12 2018 20:44,29
Work,29 M12 2018 19:51,29 M12 2018 20:15,24
Other,29 M12 2018 19:11,29 M12 2018 19:51,40
Work,29 M12 2018 19:06,29 M12 2018 19:11,5
Social,29 M12 2018 17:02,29 M12 2018 19:06,124
Work,29 M12 2018 16:58,29 M12 2018 17:02,4
Netflix,29 M12 2018 16:09,29 M12 2018 16:58,49
Food,29 M12 2018 15:25,29 M12 2018 16:09,44
Netflix,29 M12 2018 15:01,29 M12 2018 15:25,24
Work,29 M12 2018 14:46,29 M12 2018 15:01,15
Netflix,29 M12 2018 14:09,29 M12 2018 14:46,37
Work,29 M12 2018 13:24,29 M12 2018 14:09,45
Netflix,29 M12 2018 11:37,29 M12 2018 13:24,107
Food,29 M12 2018 11:04,29 M12 2018 11:37,33
Waste Time,29 M12 2018 10:42,29 M12 2018 11:04,22
Waste Time,29 M12 2018 10:05,29 M12 2018 10:42,37
Sleep,29 M12 2018 09:42,29 M12 2018 10:05,23
Sleep,29 M12 2018 00:42,29 M12 2018 09:42,540
Reddit,29 M12 2018 00:06,29 M12 2018 00:42,36
Transport,28 M12 2018 23:23,29 M12 2018 00:06,43
Social,28 M12 2018 23:13,28 M12 2018 23:23,10
Transport,28 M12 2018 22:21,28 M12 2018 23:13,52
Transport,28 M12 2018 22:02,28 M12 2018 22:21,19
Self-Care,28 M12 2018 21:59,28 M12 2018 22:02,3
Transport,28 M12 2018 21:39,28 M12 2018 21:59,20
Transport,28 M12 2018 21:23,28 M12 2018 21:39,16
Transport,28 M12 2018 21:04,28 M12 2018 21:23,19
Transport,28 M12 2018 20:48,28 M12 2018 21:04,16
Transport,28 M12 2018 20:28,28 M12 2018 20:48,20
Other,28 M12 2018 20:08,28 M12 2018 20:28,20
Other,28 M12 2018 19:56,28 M12 2018 20:08,12
Social,28 M12 2018 19:47,28 M12 2018 19:56,9
Transport,28 M12 2018 19:15,28 M12 2018 19:47,32
Transport,28 M12 2018 18:24,28 M12 2018 19:15,51
Transport,28 M12 2018 17:55,28 M12 2018 18:24,29
Other,28 M12 2018 17:20,28 M12 2018 17:55,35
Social,28 M12 2018 15:56,28 M12 2018 17:20,84
Reddit,28 M12 2018 15:39,28 M12 2018 15:56,17
Other,28 M12 2018 15:27,28 M12 2018 15:39,12
Transport,28 M12 2018 15:25,28 M12 2018 15:27,2
Social,28 M12 2018 15:21,28 M12 2018 15:25,4
Transport,28 M12 2018 14:45,28 M12 2018 15:21,36
Food,28 M12 2018 14:28,28 M12 2018 14:45,17
Food,28 M12 2018 14:03,28 M12 2018 14:28,25
Waste Time,28 M12 2018 13:07,28 M12 2018 14:03,56
Other,28 M12 2018 12:23,28 M12 2018 13:07,44
Reddit,28 M12 2018 11:07,28 M12 2018 12:23,76
Food,28 M12 2018 10:54,28 M12 2018 11:07,13
Reddit,28 M12 2018 10:00,28 M12 2018 10:54,54
Sleep,28 M12 2018 00:02,28 M12 2018 10:00,598
Social,27 M12 2018 22:01,28 M12 2018 00:02,121
Social,27 M12 2018 21:37,27 M12 2018 22:01,24
Social,27 M12 2018 20:26,27 M12 2018 21:37,71
Social,27 M12 2018 18:53,27 M12 2018 20:26,93
Other,27 M12 2018 18:39,27 M12 2018 18:53,14
Reddit,27 M12 2018 18:09,27 M12 2018 18:39,30
Transport,27 M12 2018 17:51,27 M12 2018 18:09,18
Transport,27 M12 2018 17:28,27 M12 2018 17:51,23
Music,27 M12 2018 17:10,27 M12 2018 17:28,18
Music,27 M12 2018 16:50,27 M12 2018 17:10,20
Music,27 M12 2018 15:37,27 M12 2018 16:50,73
Music,27 M12 2018 14:42,27 M12 2018 15:37,55
Music,27 M12 2018 13:28,27 M12 2018 14:42,74
Music,27 M12 2018 12:08,27 M12 2018 13:27,79
Music,27 M12 2018 11:51,27 M12 2018 12:08,17
Music,27 M12 2018 11:11,27 M12 2018 11:51,40
Music,27 M12 2018 10:03,27 M12 2018 11:11,68
Sleep,27 M12 2018 09:31,27 M12 2018 10:03,32
Transport,27 M12 2018 09:11,27 M12 2018 09:31,20
Sleep,27 M12 2018 08:36,27 M12 2018 09:11,35
Food,27 M12 2018 08:11,27 M12 2018 08:36,25
Other,27 M12 2018 08:08,27 M12 2018 08:11,3
Self-Care,27 M12 2018 07:49,27 M12 2018 08:08,19
Reddit,27 M12 2018 07:18,27 M12 2018 07:49,31
Sleep,27 M12 2018 02:00,27 M12 2018 07:18,318
Netflix,27 M12 2018 00:45,27 M12 2018 02:00,75
Reddit,26 M12 2018 23:42,27 M12 2018 00:45,63
Music,26 M12 2018 22:16,26 M12 2018 23:42,86
Other,26 M12 2018 21:56,26 M12 2018 22:16,20
Social,26 M12 2018 21:46,26 M12 2018 21:56,10
Food,26 M12 2018 21:08,26 M12 2018 21:46,38
Other,26 M12 2018 20:44,26 M12 2018 21:08,24
Transport,26 M12 2018 20:27,26 M12 2018 20:44,17
Music,26 M12 2018 17:50,26 M12 2018 20:27,157
Social,26 M12 2018 17:34,26 M12 2018 17:50,16
Class,26 M12 2018 17:10,26 M12 2018 17:34,24
Reddit,26 M12 2018 16:33,26 M12 2018 17:10,37
Waste Time,26 M12 2018 15:40,26 M12 2018 16:33,53
Other,26 M12 2018 15:22,26 M12 2018 15:40,18
Transport,26 M12 2018 15:07,26 M12 2018 15:22,15
Social,26 M12 2018 14:31,26 M12 2018 15:07,36
Food,26 M12 2018 14:13,26 M12 2018 14:31,18
Social,26 M12 2018 12:36,26 M12 2018 14:13,97
Work,26 M12 2018 11:47,26 M12 2018 12:36,49
Netflix,26 M12 2018 11:25,26 M12 2018 11:47,22
Music,26 M12 2018 10:59,26 M12 2018 11:25,26
Reddit,26 M12 2018 10:44,26 M12 2018 10:59,15
Reddit,26 M12 2018 10:17,26 M12 2018 10:44,27
Food,26 M12 2018 09:38,26 M12 2018 10:17,39
Sleep,26 M12 2018 09:00,26 M12 2018 09:38,38
Sleep,26 M12 2018 02:00,26 M12 2018 09:00,420
Transport,26 M12 2018 00:30,26 M12 2018 02:00,90
Reddit,26 M12 2018 00:11,26 M12 2018 00:30,19
Other,25 M12 2018 23:52,26 M12 2018 00:11,19
Other,25 M12 2018 23:37,25 M12 2018 23:52,15
Transport,25 M12 2018 23:11,25 M12 2018 23:37,26
Transport,25 M12 2018 22:50,25 M12 2018 23:11,21
Transport,25 M12 2018 22:32,25 M12 2018 22:50,18
Transport,25 M12 2018 22:05,25 M12 2018 22:32,27
Social,25 M12 2018 21:13,25 M12 2018 22:05,52
Transport,25 M12 2018 20:28,25 M12 2018 21:13,45
Transport,25 M12 2018 20:06,25 M12 2018 20:28,22
Transport,25 M12 2018 19:46,25 M12 2018 20:05,19
Transport,25 M12 2018 19:09,25 M12 2018 19:46,37
Transport,25 M12 2018 18:32,25 M12 2018 19:09,37
Transport,25 M12 2018 18:14,25 M12 2018 18:32,18
Other,25 M12 2018 17:25,25 M12 2018 18:14,49
Other,25 M12 2018 16:35,25 M12 2018 17:25,50
Transport,25 M12 2018 16:18,25 M12 2018 16:35,17
Social,25 M12 2018 15:37,25 M12 2018 16:18,41
Reddit,25 M12 2018 15:24,25 M12 2018 15:37,13
Reddit,25 M12 2018 14:51,25 M12 2018 15:24,33
Transport,25 M12 2018 13:57,25 M12 2018 14:51,54
Other,25 M12 2018 13:23,25 M12 2018 13:57,34
Social,25 M12 2018 13:07,25 M12 2018 13:23,16
Gym,25 M12 2018 12:37,25 M12 2018 13:07,30
Other,25 M12 2018 12:10,25 M12 2018 12:37,27
Reddit,25 M12 2018 11:31,25 M12 2018 12:10,39
Food,25 M12 2018 11:03,25 M12 2018 11:31,28
Social,25 M12 2018 09:16,25 M12 2018 11:03,107
Waste Time,25 M12 2018 08:56,25 M12 2018 09:16,20
Sleep,25 M12 2018 07:28,25 M12 2018 08:56,88
Sleep,25 M12 2018 05:32,25 M12 2018 07:28,116
Netflix,25 M12 2018 02:59,25 M12 2018 05:32,153
Internet,25 M12 2018 01:43,25 M12 2018 02:59,76
Netflix,24 M12 2018 21:46,25 M12 2018 01:43,237
Other,24 M12 2018 21:34,24 M12 2018 21:46,12
Netflix,24 M12 2018 20:20,24 M12 2018 21:34,74
Self-Care,24 M12 2018 19:44,24 M12 2018 20:20,36
Netflix,24 M12 2018 18:39,24 M12 2018 19:44,65
Netflix,24 M12 2018 17:20,24 M12 2018 18:39,79
Other,24 M12 2018 16:25,24 M12 2018 17:20,55
Food,24 M12 2018 16:07,24 M12 2018 16:25,18
Netflix,24 M12 2018 16:00,24 M12 2018 16:07,7
Other,24 M12 2018 15:32,24 M12 2018 16:00,28
Other,24 M12 2018 15:16,24 M12 2018 15:32,16
Other,24 M12 2018 14:21,24 M12 2018 15:16,55
Social,24 M12 2018 13:31,24 M12 2018 14:21,50
Other,24 M12 2018 13:02,24 M12 2018 13:31,29
Other,24 M12 2018 12:33,24 M12 2018 13:02,29
Waste Time,24 M12 2018 12:10,24 M12 2018 12:33,23
Reddit,24 M12 2018 11:00,24 M12 2018 12:10,70
Waste Time,24 M12 2018 09:55,24 M12 2018 11:00,65
Sleep,24 M12 2018 08:31,24 M12 2018 09:55,84
Sleep,24 M12 2018 07:06,24 M12 2018 08:31,85
Sleep,24 M12 2018 01:50,24 M12 2018 07:06,316
Other,24 M12 2018 01:47,24 M12 2018 01:50,3
Food,24 M12 2018 01:30,24 M12 2018 01:47,17
Netflix,24 M12 2018 00:05,24 M12 2018 01:30,85
Netflix,23 M12 2018 23:25,24 M12 2018 00:05,40
Netflix,23 M12 2018 23:07,23 M12 2018 23:25,18
Netflix,23 M12 2018 21:31,23 M12 2018 23:07,96
Netflix,23 M12 2018 20:51,23 M12 2018 21:31,40
Netflix,23 M12 2018 20:18,23 M12 2018 20:51,33
Homework,23 M12 2018 19:54,23 M12 2018 20:18,24
Netflix,23 M12 2018 19:17,23 M12 2018 19:54,37
Food,23 M12 2018 19:03,23 M12 2018 19:17,14
Netflix,23 M12 2018 19:01,23 M12 2018 19:03,2
Food,23 M12 2018 18:33,23 M12 2018 19:01,28
Netflix,23 M12 2018 18:08,23 M12 2018 18:33,25
Netflix,23 M12 2018 17:47,23 M12 2018 18:08,21
Netflix,23 M12 2018 16:24,23 M12 2018 17:47,83
Netflix,23 M12 2018 16:20,23 M12 2018 16:24,4
Netflix,23 M12 2018 15:34,23 M12 2018 16:20,46
Netflix,23 M12 2018 14:05,23 M12 2018 15:34,89
Netflix,23 M12 2018 11:59,23 M12 2018 14:05,126
Food,23 M12 2018 11:52,23 M12 2018 11:58,6
Reddit,23 M12 2018 11:07,23 M12 2018 11:52,45
Waste Time,23 M12 2018 10:51,23 M12 2018 11:07,16
Reddit,23 M12 2018 09:27,23 M12 2018 10:51,84
Sleep,23 M12 2018 00:25,23 M12 2018 09:27,542
Netflix,22 M12 2018 21:02,23 M12 2018 00:25,203
Netflix,22 M12 2018 20:11,22 M12 2018 21:02,51
Netflix,22 M12 2018 19:20,22 M12 2018 20:11,51
Food,22 M12 2018 18:53,22 M12 2018 19:20,27
Social,22 M12 2018 18:27,22 M12 2018 18:53,26
Netflix,22 M12 2018 18:01,22 M12 2018 18:27,26
Other,22 M12 2018 17:45,22 M12 2018 18:01,16
Work,22 M12 2018 17:22,22 M12 2018 17:45,23
Other,22 M12 2018 17:02,22 M12 2018 17:22,20
Social,22 M12 2018 16:55,22 M12 2018 17:02,7
Other,22 M12 2018 16:43,22 M12 2018 16:55,12
Netflix,22 M12 2018 16:30,22 M12 2018 16:43,13
Food,22 M12 2018 15:59,22 M12 2018 16:30,31
Netflix,22 M12 2018 15:22,22 M12 2018 15:59,37
Netflix,22 M12 2018 14:20,22 M12 2018 15:22,62
Netflix,22 M12 2018 13:53,22 M12 2018 14:20,27
Other,22 M12 2018 12:34,22 M12 2018 13:53,79
Food,22 M12 2018 12:16,22 M12 2018 12:34,18
Internet,22 M12 2018 11:45,22 M12 2018 12:16,31
Netflix,22 M12 2018 11:42,22 M12 2018 11:45,3
Other,22 M12 2018 11:22,22 M12 2018 11:42,20
Other,22 M12 2018 10:53,22 M12 2018 11:22,29
Food,22 M12 2018 10:21,22 M12 2018 10:53,32
Sleep,22 M12 2018 08:30,22 M12 2018 10:21,111
Sleep,22 M12 2018 07:45,22 M12 2018 08:30,45
Sleep,22 M12 2018 01:25,22 M12 2018 07:45,380
Music,21 M12 2018 23:21,22 M12 2018 01:25,124
Reddit,21 M12 2018 22:49,21 M12 2018 23:21,32
Reddit,21 M12 2018 22:19,21 M12 2018 22:49,30
Netflix,21 M12 2018 22:16,21 M12 2018 22:19,3
Social,21 M12 2018 22:06,21 M12 2018 22:16,10
Netflix,21 M12 2018 20:53,21 M12 2018 22:06,73
Netflix,21 M12 2018 20:29,21 M12 2018 20:53,24
Other,21 M12 2018 19:35,21 M12 2018 20:28,53
Other,21 M12 2018 17:54,21 M12 2018 19:35,101
Food,21 M12 2018 17:30,21 M12 2018 17:54,24
Social,21 M12 2018 17:06,21 M12 2018 17:30,24
Other,21 M12 2018 15:35,21 M12 2018 17:06,91
Other,21 M12 2018 15:14,21 M12 2018 15:35,21
Netflix,21 M12 2018 14:28,21 M12 2018 15:14,46
Netflix,21 M12 2018 13:38,21 M12 2018 14:28,50
Social,21 M12 2018 13:08,21 M12 2018 13:38,30
Reddit,21 M12 2018 12:08,21 M12 2018 13:08,60
Sleep,21 M12 2018 10:29,21 M12 2018 12:08,99
Sleep,21 M12 2018 09:00,21 M12 2018 10:29,89
Sleep,21 M12 2018 05:21,21 M12 2018 09:00,219
Netflix,21 M12 2018 04:54,21 M12 2018 05:21,27
Netflix,21 M12 2018 03:50,21 M12 2018 04:54,64
Sleep,21 M12 2018 02:00,21 M12 2018 03:50,110
Netflix,21 M12 2018 00:56,21 M12 2018 02:00,64
Netflix,21 M12 2018 00:23,21 M12 2018 00:56,33
Netflix,20 M12 2018 23:30,21 M12 2018 00:23,53
Netflix,20 M12 2018 22:01,20 M12 2018 23:30,89
Netflix,20 M12 2018 21:22,20 M12 2018 22:01,39
Netflix,20 M12 2018 20:46,20 M12 2018 21:22,36
Netflix,20 M12 2018 20:16,20 M12 2018 20:46,30
Netflix,20 M12 2018 19:47,20 M12 2018 20:16,29
Food,20 M12 2018 19:22,20 M12 2018 19:47,25
Sleep,20 M12 2018 16:25,20 M12 2018 19:22,177
Reddit,20 M12 2018 15:56,20 M12 2018 16:25,29
Netflix,20 M12 2018 14:38,20 M12 2018 15:56,78
Netflix,20 M12 2018 14:10,20 M12 2018 14:38,28
Food,20 M12 2018 13:55,20 M12 2018 14:10,15
Netflix,20 M12 2018 12:59,20 M12 2018 13:55,56
Netflix,20 M12 2018 12:05,20 M12 2018 12:59,54
Reddit,20 M12 2018 11:22,20 M12 2018 12:05,43
Other,20 M12 2018 09:53,20 M12 2018 11:22,89
Transport,20 M12 2018 09:43,20 M12 2018 09:53,10
Self-Care,20 M12 2018 09:21,20 M12 2018 09:43,22
Food,20 M12 2018 09:09,20 M12 2018 09:21,12
Sleep,20 M12 2018 09:03,20 M12 2018 09:09,6
Sleep,20 M12 2018 03:13,20 M12 2018 09:03,350
Netflix,20 M12 2018 00:23,20 M12 2018 03:13,170
Netflix,19 M12 2018 23:06,20 M12 2018 00:23,77
Netflix,19 M12 2018 22:12,19 M12 2018 23:06,54
Netflix,19 M12 2018 19:08,19 M12 2018 22:12,184
Other,19 M12 2018 18:39,19 M12 2018 19:08,29
Social,19 M12 2018 17:27,19 M12 2018 18:39,72
Reddit,19 M12 2018 16:47,19 M12 2018 17:27,40
Food,19 M12 2018 16:12,19 M12 2018 16:47,35
Food,19 M12 2018 15:52,19 M12 2018 16:12,20
Netflix,19 M12 2018 14:54,19 M12 2018 15:52,58
Netflix,19 M12 2018 14:29,19 M12 2018 14:53,24
Netflix,19 M12 2018 13:50,19 M12 2018 14:29,39
Netflix,19 M12 2018 13:10,19 M12 2018 13:50,40
Sleep,19 M12 2018 12:14,19 M12 2018 13:10,56
Sleep,18 M12 2018 20:32,19 M12 2018 12:14,942
Social,18 M12 2018 19:51,18 M12 2018 20:31,40
Social,18 M12 2018 18:54,18 M12 2018 19:51,57
Reddit,18 M12 2018 18:36,18 M12 2018 18:54,18
Other,18 M12 2018 18:12,18 M12 2018 18:36,24
Transport,18 M12 2018 17:55,18 M12 2018 18:12,17
Food,18 M12 2018 17:32,18 M12 2018 17:55,23
Gaming,18 M12 2018 17:26,18 M12 2018 17:32,6
Reddit,18 M12 2018 17:12,18 M12 2018 17:26,14
Internet,18 M12 2018 16:15,18 M12 2018 17:12,57
Waste Time,18 M12 2018 15:52,18 M12 2018 16:15,23
Other,18 M12 2018 13:44,18 M12 2018 15:52,128
Work,18 M12 2018 13:31,18 M12 2018 13:44,13
Other,18 M12 2018 11:54,18 M12 2018 13:31,97
Netflix,18 M12 2018 11:30,18 M12 2018 11:54,24
Other,18 M12 2018 10:57,18 M12 2018 11:30,33
Food,18 M12 2018 10:38,18 M12 2018 10:57,19
Sleep,18 M12 2018 10:19,18 M12 2018 10:38,19
Reddit,18 M12 2018 09:54,18 M12 2018 10:19,25
Sleep,18 M12 2018 09:33,18 M12 2018 09:54,21
Sleep,18 M12 2018 01:33,18 M12 2018 09:33,480
Netflix,18 M12 2018 01:08,18 M12 2018 01:33,25
Netflix,17 M12 2018 22:32,18 M12 2018 01:08,156
Reading,17 M12 2018 21:58,17 M12 2018 22:32,34
Food,17 M12 2018 21:54,17 M12 2018 21:58,4
Reddit,17 M12 2018 21:50,17 M12 2018 21:54,4
Social,17 M12 2018 21:25,17 M12 2018 21:50,25
Reddit,17 M12 2018 20:44,17 M12 2018 21:25,41
Food,17 M12 2018 20:14,17 M12 2018 20:44,30
Other,17 M12 2018 19:25,17 M12 2018 20:14,49
Transport,17 M12 2018 18:45,17 M12 2018 19:25,40
Self-Care,17 M12 2018 18:05,17 M12 2018 18:45,40
Other,17 M12 2018 16:38,17 M12 2018 18:05,87
Class,17 M12 2018 13:48,17 M12 2018 16:38,170
Food,17 M12 2018 13:30,17 M12 2018 13:48,18
Transport,17 M12 2018 13:14,17 M12 2018 13:30,16
Waste Time,17 M12 2018 12:01,17 M12 2018 13:14,73
Netflix,17 M12 2018 11:21,17 M12 2018 12:01,40
Waste Time,17 M12 2018 11:04,17 M12 2018 11:21,17
Reddit,17 M12 2018 10:11,17 M12 2018 11:04,53
Food,17 M12 2018 09:49,17 M12 2018 10:11,22
Waste Time,17 M12 2018 09:29,17 M12 2018 09:49,20
Self-Care,17 M12 2018 08:53,17 M12 2018 09:29,36
Sleep,17 M12 2018 02:54,17 M12 2018 08:53,359
Netflix,17 M12 2018 01:06,17 M12 2018 02:54,108
Netflix,17 M12 2018 00:05,17 M12 2018 01:06,61
Netflix,16 M12 2018 21:59,17 M12 2018 00:05,126
Netflix,16 M12 2018 21:21,16 M12 2018 21:59,38
Netflix,16 M12 2018 19:02,16 M12 2018 21:21,139
Netflix,16 M12 2018 16:55,16 M12 2018 19:02,127
Internet,16 M12 2018 14:49,16 M12 2018 16:55,126
Food,16 M12 2018 13:25,16 M12 2018 14:49,84
Class,16 M12 2018 12:32,16 M12 2018 13:25,53
Sleep,16 M12 2018 00:10,16 M12 2018 12:32,742
Netflix,15 M12 2018 21:02,16 M12 2018 00:10,188
Food,15 M12 2018 20:47,15 M12 2018 21:02,15
Netflix,15 M12 2018 19:00,15 M12 2018 20:47,107
Netflix,15 M12 2018 18:06,15 M12 2018 19:00,54
Study,15 M12 2018 16:56,15 M12 2018 18:06,70
Gaming,15 M12 2018 14:50,15 M12 2018 16:56,126
Netflix,15 M12 2018 14:06,15 M12 2018 14:50,44
Waste Time,15 M12 2018 13:53,15 M12 2018 14:06,13
Food,15 M12 2018 13:48,15 M12 2018 13:53,5
Reddit,15 M12 2018 13:32,15 M12 2018 13:48,16
Other,15 M12 2018 13:22,15 M12 2018 13:32,10
Food,15 M12 2018 13:17,15 M12 2018 13:22,5
Reddit,15 M12 2018 12:54,15 M12 2018 13:17,23
Sleep,15 M12 2018 02:58,15 M12 2018 12:54,596
Music,15 M12 2018 02:27,15 M12 2018 02:58,31
Gaming,14 M12 2018 23:53,15 M12 2018 02:26,153
Netflix,14 M12 2018 22:42,14 M12 2018 23:53,71
Other,14 M12 2018 22:15,14 M12 2018 22:42,27
Netflix,14 M12 2018 20:54,14 M12 2018 22:15,81
Netflix,14 M12 2018 19:14,14 M12 2018 20:54,100
Gaming,14 M12 2018 16:17,14 M12 2018 19:14,177
Netflix,14 M12 2018 16:04,14 M12 2018 16:17,13
Other,14 M12 2018 15:46,14 M12 2018 16:04,18
Transport,14 M12 2018 15:32,14 M12 2018 15:46,14
Class,14 M12 2018 13:51,14 M12 2018 15:32,101
Study,14 M12 2018 13:35,14 M12 2018 13:51,16
Social,14 M12 2018 13:26,14 M12 2018 13:35,9
Other,14 M12 2018 12:51,14 M12 2018 13:26,35
Other,14 M12 2018 12:33,14 M12 2018 12:51,18
Study,14 M12 2018 11:13,14 M12 2018 12:33,80
Study,14 M12 2018 09:47,14 M12 2018 11:13,86
Transport,14 M12 2018 09:38,14 M12 2018 09:47,9
Food,14 M12 2018 09:32,14 M12 2018 09:38,6
Social,14 M12 2018 09:30,14 M12 2018 09:32,2
Waste Time,14 M12 2018 09:14,14 M12 2018 09:30,16
Sleep,14 M12 2018 08:21,14 M12 2018 09:14,53
Sleep,14 M12 2018 02:25,14 M12 2018 08:21,356
Reddit,14 M12 2018 00:43,14 M12 2018 02:25,102
Reddit,13 M12 2018 23:41,14 M12 2018 00:43,62
Study,13 M12 2018 19:43,13 M12 2018 23:41,238
Reddit,13 M12 2018 19:05,13 M12 2018 19:43,38
Waste Time,13 M12 2018 18:00,13 M12 2018 19:05,65
Study,13 M12 2018 17:51,13 M12 2018 18:00,9
Waste Time,13 M12 2018 16:51,13 M12 2018 17:51,60
Study,13 M12 2018 16:31,13 M12 2018 16:51,20
Internet,13 M12 2018 13:05,13 M12 2018 16:31,206
Waste Time,13 M12 2018 12:47,13 M12 2018 13:05,18
Reddit,13 M12 2018 10:55,13 M12 2018 12:47,112
Food,13 M12 2018 10:18,13 M12 2018 10:55,37
Food,13 M12 2018 09:59,13 M12 2018 10:18,19
Waste Time,13 M12 2018 09:34,13 M12 2018 09:59,25
Food,13 M12 2018 09:24,13 M12 2018 09:34,10
Sleep,13 M12 2018 09:04,13 M12 2018 09:24,20
Netflix,13 M12 2018 08:39,13 M12 2018 09:04,25
Sleep,13 M12 2018 01:17,13 M12 2018 08:39,442
Gaming,12 M12 2018 23:46,13 M12 2018 01:17,91
Gaming,12 M12 2018 22:38,12 M12 2018 23:46,68
Study,12 M12 2018 21:49,12 M12 2018 22:38,49
Food,12 M12 2018 21:20,12 M12 2018 21:49,29
Self-Care,12 M12 2018 20:55,12 M12 2018 21:20,25
Gaming,12 M12 2018 19:19,12 M12 2018 20:55,96
Gaming,12 M12 2018 12:55,12 M12 2018 19:19,384
Other,12 M12 2018 12:22,12 M12 2018 12:55,33
Transport,12 M12 2018 12:07,12 M12 2018 12:22,15
Food,12 M12 2018 11:47,12 M12 2018 12:07,20
Class,12 M12 2018 08:53,12 M12 2018 11:47,174
Transport,12 M12 2018 08:44,12 M12 2018 08:53,9
Food,12 M12 2018 08:31,12 M12 2018 08:44,13
Reddit,12 M12 2018 08:14,12 M12 2018 08:31,17
Self-Care,12 M12 2018 07:54,12 M12 2018 08:14,20
Other,12 M12 2018 07:37,12 M12 2018 07:54,17
Sleep,12 M12 2018 03:53,12 M12 2018 07:37,224
Study,11 M12 2018 22:45,12 M12 2018 03:53,308
Reddit,11 M12 2018 22:04,11 M12 2018 22:45,41
Reddit,11 M12 2018 21:11,11 M12 2018 22:04,53
Reddit,11 M12 2018 20:42,11 M12 2018 21:11,29
Other,11 M12 2018 20:34,11 M12 2018 20:42,8
Transport,11 M12 2018 20:22,11 M12 2018 20:34,12
Food,11 M12 2018 19:38,11 M12 2018 20:22,44
Netflix,11 M12 2018 17:08,11 M12 2018 19:38,150
Study,11 M12 2018 16:20,11 M12 2018 17:08,48
Reddit,11 M12 2018 15:51,11 M12 2018 16:20,29
Waste Time,11 M12 2018 15:26,11 M12 2018 15:51,25
Study,11 M12 2018 15:17,11 M12 2018 15:26,9
Waste Time,11 M12 2018 15:12,11 M12 2018 15:17,5
Study,11 M12 2018 14:34,11 M12 2018 15:12,38
Study,11 M12 2018 13:51,11 M12 2018 14:34,43
Reddit,11 M12 2018 12:22,11 M12 2018 13:51,89
Netflix,11 M12 2018 12:06,11 M12 2018 12:22,16
Study,11 M12 2018 10:16,11 M12 2018 12:06,110
Other,11 M12 2018 09:20,11 M12 2018 10:16,56
Food,11 M12 2018 09:01,11 M12 2018 09:20,19
Sleep,11 M12 2018 05:46,11 M12 2018 09:01,195
Study,11 M12 2018 04:51,11 M12 2018 05:46,55
Internet,11 M12 2018 02:43,11 M12 2018 04:51,128
Study,11 M12 2018 01:40,11 M12 2018 02:43,63
Study,11 M12 2018 01:01,11 M12 2018 01:40,39
Self-Care,11 M12 2018 00:19,11 M12 2018 01:01,42
Social,10 M12 2018 23:30,11 M12 2018 00:19,49
Reddit,10 M12 2018 22:01,10 M12 2018 23:30,89
Study,10 M12 2018 21:46,10 M12 2018 22:01,15
Other,10 M12 2018 21:11,10 M12 2018 21:46,35
Waste Time,10 M12 2018 20:08,10 M12 2018 21:11,63
Reddit,10 M12 2018 18:43,10 M12 2018 20:08,85
Self-Care,10 M12 2018 18:24,10 M12 2018 18:43,19
Waste Time,10 M12 2018 17:45,10 M12 2018 18:24,39
Food,10 M12 2018 17:42,10 M12 2018 17:45,3
Reddit,10 M12 2018 17:05,10 M12 2018 17:42,37
Waste Time,10 M12 2018 16:39,10 M12 2018 17:05,26
Waste Time,10 M12 2018 14:53,10 M12 2018 16:39,106
Homework,10 M12 2018 14:08,10 M12 2018 14:53,45
Sleep,10 M12 2018 02:44,10 M12 2018 14:08,684
Reddit,10 M12 2018 01:51,10 M12 2018 02:44,53
Gaming,10 M12 2018 00:04,10 M12 2018 01:51,107
Netflix,09 M12 2018 19:54,10 M12 2018 00:04,250
Gaming,09 M12 2018 15:59,09 M12 2018 19:54,235
Internet,09 M12 2018 15:21,09 M12 2018 15:59,38
Social,09 M12 2018 15:11,09 M12 2018 15:21,10
Homework,09 M12 2018 13:27,09 M12 2018 15:11,104
Homework,09 M12 2018 12:18,09 M12 2018 13:27,69
Waste Time,09 M12 2018 11:50,09 M12 2018 12:18,28
Sleep,09 M12 2018 02:05,09 M12 2018 11:50,585
Other,09 M12 2018 01:25,09 M12 2018 02:05,40
Food,09 M12 2018 00:57,09 M12 2018 01:25,28
Reddit,08 M12 2018 23:26,09 M12 2018 00:57,91
Internet,08 M12 2018 23:26,09 M12 2018 00:57,91
Waste Time,08 M12 2018 20:44,08 M12 2018 23:26,162
Internet,08 M12 2018 19:37,08 M12 2018 20:44,67
Reddit,08 M12 2018 18:59,08 M12 2018 19:37,38
Homework,08 M12 2018 18:24,08 M12 2018 18:59,35
Other,08 M12 2018 17:50,08 M12 2018 18:24,34
Waste Time,08 M12 2018 17:16,08 M12 2018 17:50,34
Homework,08 M12 2018 17:07,08 M12 2018 17:16,9
Waste Time,08 M12 2018 16:36,08 M12 2018 17:07,31
Homework,08 M12 2018 16:21,08 M12 2018 16:36,15
Internet,08 M12 2018 15:32,08 M12 2018 16:21,49
Homework,08 M12 2018 14:52,08 M12 2018 15:32,40
Homework,08 M12 2018 14:33,08 M12 2018 14:52,19
Reddit,08 M12 2018 13:58,08 M12 2018 14:33,35
Food,08 M12 2018 13:33,08 M12 2018 13:58,25
Waste Time,08 M12 2018 12:54,08 M12 2018 13:33,39
Reddit,08 M12 2018 12:19,08 M12 2018 12:54,35
Sleep,08 M12 2018 09:08,08 M12 2018 12:19,191
Sleep,08 M12 2018 01:12,08 M12 2018 09:08,476
Waste Time,07 M12 2018 23:49,08 M12 2018 01:12,83
Waste Time,07 M12 2018 21:35,07 M12 2018 23:49,134
Reddit,07 M12 2018 21:18,07 M12 2018 21:34,16
Waste Time,07 M12 2018 21:00,07 M12 2018 21:18,18
Food,07 M12 2018 20:12,07 M12 2018 21:00,48
Reddit,07 M12 2018 19:04,07 M12 2018 20:12,68
Other,07 M12 2018 18:43,07 M12 2018 19:04,21
Music,07 M12 2018 17:39,07 M12 2018 18:43,64
Other,07 M12 2018 16:38,07 M12 2018 17:39,61
Music,07 M12 2018 15:28,07 M12 2018 16:38,70
Other,07 M12 2018 14:25,07 M12 2018 15:28,63
Class,07 M12 2018 13:05,07 M12 2018 14:25,80
Social,07 M12 2018 12:38,07 M12 2018 13:05,27
Waste Time,07 M12 2018 12:16,07 M12 2018 12:38,22
Waste Time,07 M12 2018 11:57,07 M12 2018 12:16,19
Internet,07 M12 2018 11:11,07 M12 2018 11:57,46
Reddit,07 M12 2018 10:40,07 M12 2018 11:11,31
Sleep,07 M12 2018 01:24,07 M12 2018 10:40,556
Reddit,07 M12 2018 00:25,07 M12 2018 01:24,59
Homework,06 M12 2018 23:20,07 M12 2018 00:24,64
Homework,06 M12 2018 22:37,06 M12 2018 23:20,43
Reddit,06 M12 2018 21:28,06 M12 2018 22:37,69
Homework,06 M12 2018 21:09,06 M12 2018 21:28,19
Music,06 M12 2018 19:49,06 M12 2018 21:09,80
Music,06 M12 2018 18:26,06 M12 2018 19:49,83
Other,06 M12 2018 18:01,06 M12 2018 18:26,25
Music,06 M12 2018 17:49,06 M12 2018 18:01,12
Food,06 M12 2018 17:27,06 M12 2018 17:49,22
Reddit,06 M12 2018 16:32,06 M12 2018 17:27,55
Homework,06 M12 2018 15:14,06 M12 2018 16:32,78
Reddit,06 M12 2018 14:37,06 M12 2018 15:14,37
Class,06 M12 2018 12:51,06 M12 2018 14:37,106
Homework,06 M12 2018 12:05,06 M12 2018 12:51,46
Homework,06 M12 2018 11:50,06 M12 2018 12:05,15
Other,06 M12 2018 11:35,06 M12 2018 11:50,15
Homework,06 M12 2018 11:30,06 M12 2018 11:35,5
Class,06 M12 2018 11:12,06 M12 2018 11:30,18
Class,06 M12 2018 09:52,06 M12 2018 11:12,80
Transport,06 M12 2018 09:48,06 M12 2018 09:52,4
Food,06 M12 2018 09:31,06 M12 2018 09:48,17
Other,06 M12 2018 09:03,06 M12 2018 09:31,28
Sleep,06 M12 2018 03:20,06 M12 2018 09:03,343
Homework,05 M12 2018 23:47,06 M12 2018 03:20,213
Internet,05 M12 2018 23:19,05 M12 2018 23:47,28
Internet,05 M12 2018 22:49,05 M12 2018 23:19,30
Homework,05 M12 2018 22:29,05 M12 2018 22:49,20
Other,05 M12 2018 22:24,05 M12 2018 22:29,5
Reddit,05 M12 2018 22:08,05 M12 2018 22:24,16
Reddit,05 M12 2018 21:47,05 M12 2018 22:08,21
Other,05 M12 2018 21:21,05 M12 2018 21:47,26
Music,05 M12 2018 21:08,05 M12 2018 21:21,13
Social,05 M12 2018 21:03,05 M12 2018 21:08,5
Music,05 M12 2018 19:55,05 M12 2018 21:03,68
Music,05 M12 2018 19:38,05 M12 2018 19:55,17
Music,05 M12 2018 17:18,05 M12 2018 19:38,140
Transport,05 M12 2018 17:02,05 M12 2018 17:18,16
Other,05 M12 2018 16:25,05 M12 2018 17:02,37
Homework,05 M12 2018 16:17,05 M12 2018 16:25,8
Reddit,05 M12 2018 15:10,05 M12 2018 16:17,67
Other,05 M12 2018 14:54,05 M12 2018 15:10,16
Food,05 M12 2018 14:38,05 M12 2018 14:54,16
Class,05 M12 2018 14:19,05 M12 2018 14:38,19
Class,05 M12 2018 13:49,05 M12 2018 14:19,30
Class,05 M12 2018 13:29,05 M12 2018 13:49,20
Reddit,05 M12 2018 13:08,05 M12 2018 13:29,21
Reddit,05 M12 2018 11:19,05 M12 2018 13:08,109
Class,05 M12 2018 09:52,05 M12 2018 11:19,87
Reddit,05 M12 2018 09:34,05 M12 2018 09:52,18
Sleep,05 M12 2018 09:07,05 M12 2018 09:34,27
Social,05 M12 2018 08:01,05 M12 2018 09:07,66
Sleep,05 M12 2018 00:52,05 M12 2018 08:01,429
Other,05 M12 2018 00:34,05 M12 2018 00:52,18
Netflix,05 M12 2018 00:16,05 M12 2018 00:34,18
Netflix,04 M12 2018 23:25,05 M12 2018 00:16,51
Netflix,04 M12 2018 23:06,04 M12 2018 23:25,19
Netflix,04 M12 2018 22:43,04 M12 2018 23:06,23
Netflix,04 M12 2018 22:20,04 M12 2018 22:43,23
Netflix,04 M12 2018 22:05,04 M12 2018 22:20,15
Netflix,04 M12 2018 21:25,04 M12 2018 22:05,40
Netflix,04 M12 2018 20:38,04 M12 2018 21:25,47
Transport,04 M12 2018 20:21,04 M12 2018 20:38,17
Food,04 M12 2018 19:25,04 M12 2018 20:21,56
Other,04 M12 2018 19:12,04 M12 2018 19:25,13
Food,04 M12 2018 19:03,04 M12 2018 19:12,9
Reddit,04 M12 2018 17:37,04 M12 2018 19:03,86
Gym,04 M12 2018 16:57,04 M12 2018 17:37,40
Reddit,04 M12 2018 16:41,04 M12 2018 16:57,16
Work,04 M12 2018 15:51,04 M12 2018 16:41,50
Reddit,04 M12 2018 14:34,04 M12 2018 15:51,77
Class,04 M12 2018 14:09,04 M12 2018 14:34,25
Class,04 M12 2018 13:33,04 M12 2018 14:09,36
Sleep,04 M12 2018 13:15,04 M12 2018 13:33,18
Other,04 M12 2018 12:11,04 M12 2018 13:15,64
Reddit,04 M12 2018 11:31,04 M12 2018 12:11,40
Class,04 M12 2018 11:13,04 M12 2018 11:30,17
Class,04 M12 2018 10:39,04 M12 2018 11:13,34
Class,04 M12 2018 10:21,04 M12 2018 10:39,18
Class,04 M12 2018 09:58,04 M12 2018 10:21,23
Transport,04 M12 2018 09:40,04 M12 2018 09:58,18
Food,04 M12 2018 09:29,04 M12 2018 09:40,11
Food,04 M12 2018 09:15,04 M12 2018 09:29,14
Sleep,04 M12 2018 00:59,04 M12 2018 09:15,496
Netflix,03 M12 2018 21:47,04 M12 2018 00:58,191
Reddit,03 M12 2018 21:07,03 M12 2018 21:47,40
Reddit,03 M12 2018 21:07,03 M12 2018 21:47,40
Food,03 M12 2018 20:48,03 M12 2018 21:06,18
Food,03 M12 2018 20:30,03 M12 2018 20:48,18
Netflix,03 M12 2018 18:43,03 M12 2018 20:30,107
Other,03 M12 2018 17:43,03 M12 2018 18:43,60
Other,03 M12 2018 17:25,03 M12 2018 17:43,18
Reddit,03 M12 2018 16:29,03 M12 2018 17:25,56
Food,03 M12 2018 16:13,03 M12 2018 16:29,16
Transport,03 M12 2018 15:58,03 M12 2018 16:13,15
Homework,03 M12 2018 14:36,03 M12 2018 15:58,82
Class,03 M12 2018 13:15,03 M12 2018 14:36,81
Reddit,03 M12 2018 12:57,03 M12 2018 13:14,17
Reddit,03 M12 2018 12:37,03 M12 2018 12:57,20
Reddit,03 M12 2018 12:08,03 M12 2018 12:37,29
Work,03 M12 2018 11:39,03 M12 2018 12:08,29
Transport,03 M12 2018 11:22,03 M12 2018 11:39,17
Class,03 M12 2018 10:04,03 M12 2018 11:22,78
Other,03 M12 2018 09:38,03 M12 2018 10:04,26
Music,03 M12 2018 09:08,03 M12 2018 09:38,30
Transport,03 M12 2018 08:50,03 M12 2018 09:08,18
Homework,03 M12 2018 08:00,03 M12 2018 08:50,50
Homework,03 M12 2018 07:11,03 M12 2018 08:00,49
Homework,03 M12 2018 06:33,03 M12 2018 07:11,38
Waste Time,03 M12 2018 06:16,03 M12 2018 06:33,17
Internet,03 M12 2018 05:40,03 M12 2018 06:16,36
Reddit,03 M12 2018 05:18,03 M12 2018 05:40,22
Other,03 M12 2018 05:04,03 M12 2018 05:18,14
Homework,03 M12 2018 04:07,03 M12 2018 05:04,57
Homework,03 M12 2018 03:07,03 M12 2018 04:07,60
Internet,03 M12 2018 02:52,03 M12 2018 03:07,15
Internet,03 M12 2018 02:20,03 M12 2018 02:52,32
Internet,03 M12 2018 00:04,03 M12 2018 02:20,136
Internet,02 M12 2018 22:50,03 M12 2018 00:04,74
Reddit,02 M12 2018 22:27,02 M12 2018 22:50,23
Reddit,02 M12 2018 21:22,02 M12 2018 22:27,65
Other,02 M12 2018 20:54,02 M12 2018 21:22,28
Homework,02 M12 2018 18:56,02 M12 2018 20:54,118
Other,02 M12 2018 18:24,02 M12 2018 18:56,32
Food,02 M12 2018 18:15,02 M12 2018 18:24,9
Homework,02 M12 2018 17:50,02 M12 2018 18:15,25
Homework,02 M12 2018 17:30,02 M12 2018 17:50,20
Reddit,02 M12 2018 16:17,02 M12 2018 17:30,73
Transport,02 M12 2018 16:05,02 M12 2018 16:17,12
Social,02 M12 2018 15:59,02 M12 2018 16:05,6
Music,02 M12 2018 15:34,02 M12 2018 15:59,25
Music,02 M12 2018 15:01,02 M12 2018 15:34,33
Music,02 M12 2018 14:45,02 M12 2018 15:01,16
Music,02 M12 2018 14:04,02 M12 2018 14:45,41
Music,02 M12 2018 13:41,02 M12 2018 14:04,23
Music,02 M12 2018 12:56,02 M12 2018 13:41,45
Music,02 M12 2018 12:37,02 M12 2018 12:56,19
Reddit,02 M12 2018 12:19,02 M12 2018 12:37,18
Reddit,02 M12 2018 11:28,02 M12 2018 12:19,51
Food,02 M12 2018 11:07,02 M12 2018 11:28,21
Waste Time,02 M12 2018 10:41,02 M12 2018 11:07,26
Reddit,02 M12 2018 10:00,02 M12 2018 10:41,41
Sleep,02 M12 2018 08:46,02 M12 2018 10:00,74
Sleep,02 M12 2018 03:29,02 M12 2018 08:46,317
Netflix,02 M12 2018 00:49,02 M12 2018 03:29,160
Waste Time,02 M12 2018 00:06,02 M12 2018 00:49,43
Internet,01 M12 2018 23:07,02 M12 2018 00:06,59
Self-Care,01 M12 2018 22:45,01 M12 2018 23:07,22
Internet,01 M12 2018 22:16,01 M12 2018 22:45,29
Internet,01 M12 2018 21:49,01 M12 2018 22:16,27
Homework,01 M12 2018 21:11,01 M12 2018 21:49,38
Homework,01 M12 2018 20:24,01 M12 2018 21:11,47
Homework,01 M12 2018 18:32,01 M12 2018 20:24,112
Homework,01 M12 2018 17:55,01 M12 2018 18:32,37
Homework,01 M12 2018 17:30,01 M12 2018 17:55,25
Homework,01 M12 2018 15:43,01 M12 2018 17:30,107
Social,01 M12 2018 15:20,01 M12 2018 15:43,23
Food,01 M12 2018 14:54,01 M12 2018 15:20,26
Sleep,01 M12 2018 14:12,01 M12 2018 14:54,42
Sleep,01 M12 2018 12:49,01 M12 2018 14:12,83
Sleep,01 M12 2018 08:16,01 M12 2018 12:49,273
Sleep,01 M12 2018 03:14,01 M12 2018 08:16,302
Social,01 M12 2018 01:39,01 M12 2018 03:14,95
Social,01 M12 2018 01:21,01 M12 2018 01:39,18
Social,01 M12 2018 00:30,01 M12 2018 01:21,51
Social,30 M11 2018 22:36,01 M12 2018 00:30,114
Social,30 M11 2018 22:01,30 M11 2018 22:36,35
Social,30 M11 2018 19:24,30 M11 2018 22:01,157
Social,30 M11 2018 18:58,30 M11 2018 19:24,26
Social,30 M11 2018 18:24,30 M11 2018 18:58,34
Social,30 M11 2018 16:40,30 M11 2018 18:24,104
Homework,30 M11 2018 15:47,30 M11 2018 16:40,53
Other,30 M11 2018 15:22,30 M11 2018 15:47,25
Reddit,30 M11 2018 15:08,30 M11 2018 15:21,13
Transport,30 M11 2018 14:51,30 M11 2018 15:08,17
Class,30 M11 2018 13:16,30 M11 2018 14:51,95
Food,30 M11 2018 13:01,30 M11 2018 13:16,15
Social,30 M11 2018 12:57,30 M11 2018 13:01,4
Reddit,30 M11 2018 12:33,30 M11 2018 12:57,24
Reddit,30 M11 2018 11:40,30 M11 2018 12:33,53
Reddit,30 M11 2018 10:54,30 M11 2018 11:40,46
Reddit,30 M11 2018 10:27,30 M11 2018 10:54,27
Sleep,30 M11 2018 09:18,30 M11 2018 10:27,69
Sleep,30 M11 2018 08:16,30 M11 2018 09:18,62
Sleep,30 M11 2018 01:00,30 M11 2018 08:16,436
Netflix,29 M11 2018 23:37,30 M11 2018 01:00,83
Netflix,29 M11 2018 23:15,29 M11 2018 23:37,22
Netflix,29 M11 2018 22:40,29 M11 2018 23:15,35
Netflix,29 M11 2018 21:50,29 M11 2018 22:40,50
Waste Time,29 M11 2018 19:31,29 M11 2018 21:50,139
Social,29 M11 2018 19:16,29 M11 2018 19:31,15
Food,29 M11 2018 19:00,29 M11 2018 19:16,16
Food,29 M11 2018 18:33,29 M11 2018 19:00,27
Food,29 M11 2018 18:18,29 M11 2018 18:33,15
Waste Time,29 M11 2018 17:43,29 M11 2018 18:18,35
Reddit,29 M11 2018 17:25,29 M11 2018 17:43,18
Internet,29 M11 2018 17:20,29 M11 2018 17:25,5
Reddit,29 M11 2018 17:02,29 M11 2018 17:20,18
Netflix,29 M11 2018 16:44,29 M11 2018 17:02,18
Netflix,29 M11 2018 15:41,29 M11 2018 16:44,63
Internet,29 M11 2018 15:17,29 M11 2018 15:41,24
Internet,29 M11 2018 14:37,29 M11 2018 15:17,40
Class,29 M11 2018 13:22,29 M11 2018 14:37,75
Reddit,29 M11 2018 12:49,29 M11 2018 13:22,33
Other,29 M11 2018 12:32,29 M11 2018 12:49,17
Food,29 M11 2018 12:03,29 M11 2018 12:32,29
Reddit,29 M11 2018 11:47,29 M11 2018 12:03,16
Transport,29 M11 2018 11:29,29 M11 2018 11:47,18
Class,29 M11 2018 11:22,29 M11 2018 11:29,7
Class,29 M11 2018 10:31,29 M11 2018 11:22,51
Class,29 M11 2018 09:36,29 M11 2018 10:31,55
Reddit,29 M11 2018 09:21,29 M11 2018 09:36,15
Sleep,29 M11 2018 03:00,29 M11 2018 09:21,381
Homework,29 M11 2018 00:39,29 M11 2018 03:00,141
Other,29 M11 2018 00:16,29 M11 2018 00:39,23
Netflix,28 M11 2018 23:41,29 M11 2018 00:16,35
Netflix,28 M11 2018 23:05,28 M11 2018 23:41,36
Netflix,28 M11 2018 22:43,28 M11 2018 23:05,22
Netflix,28 M11 2018 22:12,28 M11 2018 22:43,31
Netflix,28 M11 2018 21:53,28 M11 2018 22:12,19
Netflix,28 M11 2018 21:05,28 M11 2018 21:53,48
Netflix,28 M11 2018 19:40,28 M11 2018 21:05,85
Food,28 M11 2018 18:52,28 M11 2018 19:40,48
Other,28 M11 2018 18:24,28 M11 2018 18:52,28
Other,28 M11 2018 18:06,28 M11 2018 18:24,18
Homework,28 M11 2018 16:20,28 M11 2018 18:06,106
Waste Time,28 M11 2018 15:59,28 M11 2018 16:20,21
Reddit,28 M11 2018 15:43,28 M11 2018 15:59,16
Reddit,28 M11 2018 15:24,28 M11 2018 15:43,19
Food,28 M11 2018 15:11,28 M11 2018 15:24,13
Reddit,28 M11 2018 15:05,28 M11 2018 15:11,6
Food,28 M11 2018 14:36,28 M11 2018 15:05,29
Class,28 M11 2018 13:45,28 M11 2018 14:36,51
Class,28 M11 2018 13:17,28 M11 2018 13:45,28
Transport,28 M11 2018 12:54,28 M11 2018 13:17,23
Food,28 M11 2018 12:45,28 M11 2018 12:54,9
Sleep,28 M11 2018 12:33,28 M11 2018 12:45,12
Reddit,28 M11 2018 12:20,28 M11 2018 12:33,13
Sleep,28 M11 2018 11:03,28 M11 2018 12:20,77
Reddit,28 M11 2018 10:39,28 M11 2018 11:03,24
Sleep,28 M11 2018 01:16,28 M11 2018 10:39,563
Reddit,28 M11 2018 00:23,28 M11 2018 01:16,53
Music,28 M11 2018 00:06,28 M11 2018 00:23,17
Other,27 M11 2018 23:23,28 M11 2018 00:06,43
Self-Care,27 M11 2018 23:05,27 M11 2018 23:23,18
Music,27 M11 2018 22:40,27 M11 2018 23:05,25
Music,27 M11 2018 20:53,27 M11 2018 22:40,107
Other,27 M11 2018 20:41,27 M11 2018 20:53,12
Music,27 M11 2018 20:14,27 M11 2018 20:41,27
Transport,27 M11 2018 19:56,27 M11 2018 20:14,18
Food,27 M11 2018 19:39,27 M11 2018 19:56,17
Food,27 M11 2018 19:21,27 M11 2018 19:39,18
Netflix,27 M11 2018 16:57,27 M11 2018 19:21,144
Homework,27 M11 2018 16:38,27 M11 2018 16:57,19
Homework,27 M11 2018 15:50,27 M11 2018 16:38,48
Homework,27 M11 2018 15:31,27 M11 2018 15:50,19
Reddit,27 M11 2018 14:56,27 M11 2018 15:31,35
Transport,27 M11 2018 14:40,27 M11 2018 14:56,16
Class,27 M11 2018 13:20,27 M11 2018 14:40,80
Homework,27 M11 2018 12:46,27 M11 2018 13:20,34
Transport,27 M11 2018 12:37,27 M11 2018 12:46,9
Reddit,27 M11 2018 11:21,27 M11 2018 12:37,76
Class,27 M11 2018 09:39,27 M11 2018 11:21,102
Sleep,27 M11 2018 08:48,27 M11 2018 09:39,51
Sleep,27 M11 2018 07:15,27 M11 2018 08:48,93
Waste Time,27 M11 2018 06:48,27 M11 2018 07:15,27
Waste Time,27 M11 2018 04:56,27 M11 2018 06:48,112
Reddit,27 M11 2018 04:34,27 M11 2018 04:56,22
Homework,27 M11 2018 04:13,27 M11 2018 04:34,21
Reddit,27 M11 2018 03:42,27 M11 2018 04:13,31
Reddit,27 M11 2018 02:36,27 M11 2018 03:42,66
Internet,27 M11 2018 02:07,27 M11 2018 02:36,29
Homework,27 M11 2018 01:48,27 M11 2018 02:07,19
Waste Time,27 M11 2018 01:26,27 M11 2018 01:48,22
Homework,27 M11 2018 00:09,27 M11 2018 01:26,77
Homework,26 M11 2018 23:43,27 M11 2018 00:09,26
Other,26 M11 2018 23:13,26 M11 2018 23:43,30
Other,26 M11 2018 22:19,26 M11 2018 23:13,54
Homework,26 M11 2018 21:44,26 M11 2018 22:19,35
Waste Time,26 M11 2018 21:17,26 M11 2018 21:44,27
Internet,26 M11 2018 20:39,26 M11 2018 21:17,38
Homework,26 M11 2018 20:23,26 M11 2018 20:39,16
Internet,26 M11 2018 19:18,26 M11 2018 20:22,64
Other,26 M11 2018 18:51,26 M11 2018 19:18,27
Reddit,26 M11 2018 18:19,26 M11 2018 18:51,32
Reddit,26 M11 2018 17:27,26 M11 2018 18:19,52
Food,26 M11 2018 17:02,26 M11 2018 17:27,25
Food,26 M11 2018 16:46,26 M11 2018 17:02,16
Transport,26 M11 2018 16:27,26 M11 2018 16:46,19
Other,26 M11 2018 15:59,26 M11 2018 16:27,28
Class,26 M11 2018 14:34,26 M11 2018 15:59,85
Other,26 M11 2018 13:55,26 M11 2018 14:34,39
Transport,26 M11 2018 13:37,26 M11 2018 13:55,18
Other,26 M11 2018 13:32,26 M11 2018 13:37,5
Reddit,26 M11 2018 13:03,26 M11 2018 13:32,29
Internet,26 M11 2018 12:54,26 M11 2018 13:03,9
Reddit,26 M11 2018 12:53,26 M11 2018 12:54,1
Food,26 M11 2018 12:34,26 M11 2018 12:53,19
Waste Time,26 M11 2018 12:31,26 M11 2018 12:34,3
Internet,26 M11 2018 12:16,26 M11 2018 12:31,15
Reddit,26 M11 2018 12:11,26 M11 2018 12:16,5
Waste Time,26 M11 2018 11:58,26 M11 2018 12:11,13
Reddit,26 M11 2018 11:54,26 M11 2018 11:58,4
Reddit,26 M11 2018 11:25,26 M11 2018 11:54,29
Class,26 M11 2018 10:05,26 M11 2018 11:25,80
Other,26 M11 2018 09:54,26 M11 2018 10:05,11
Class,26 M11 2018 09:49,26 M11 2018 09:54,5
Food,26 M11 2018 09:31,26 M11 2018 09:49,18
Homework,26 M11 2018 09:01,26 M11 2018 09:31,30
Homework,26 M11 2018 08:44,26 M11 2018 09:01,17
Self-Care,26 M11 2018 08:13,26 M11 2018 08:44,31
Gym,26 M11 2018 07:54,26 M11 2018 08:13,19
Transport,26 M11 2018 07:38,26 M11 2018 07:54,16
Sleep,26 M11 2018 02:21,26 M11 2018 07:38,317
Other,26 M11 2018 01:49,26 M11 2018 02:21,32
Netflix,26 M11 2018 00:19,26 M11 2018 01:49,90
Netflix,25 M11 2018 23:31,26 M11 2018 00:19,48
Reddit,25 M11 2018 23:22,25 M11 2018 23:31,9
Waste Time,25 M11 2018 23:05,25 M11 2018 23:22,17
Social,25 M11 2018 23:01,25 M11 2018 23:05,4
Other,25 M11 2018 22:55,25 M11 2018 23:01,6
Waste Time,25 M11 2018 22:40,25 M11 2018 22:55,15